--
-- PostgreSQL database cluster dump
--

SET default_transaction_read_only = off;

SET client_encoding = 'UTF8';
SET standard_conforming_strings = on;

--
-- Drop databases (except postgres and template1)
--





--
-- Drop roles
--

DROP ROLE postgres;


--
-- Roles
--

CREATE ROLE postgres;
ALTER ROLE postgres WITH SUPERUSER INHERIT CREATEROLE CREATEDB LOGIN REPLICATION BYPASSRLS PASSWORD 'SCRAM-SHA-256$4096:D9I0+TlZu4P8S343/G0YvQ==$7dD7RK8EhGpw2uHZyGcy6CadCxjxwhfZJ55JgDBuQwQ=:htBGnDYa686zVA6VAf3L9xNV8BWtuSc5RrJQiqp9HWg=';

--
-- User Configurations
--








--
-- Databases
--

--
-- Database "template1" dump
--

--
-- PostgreSQL database dump
--

-- Dumped from database version 15.2 (Debian 15.2-1.pgdg110+1)
-- Dumped by pg_dump version 15.2 (Debian 15.2-1.pgdg110+1)

SET statement_timeout = 0;
SET lock_timeout = 0;
SET idle_in_transaction_session_timeout = 0;
SET client_encoding = 'UTF8';
SET standard_conforming_strings = on;
SELECT pg_catalog.set_config('search_path', '', false);
SET check_function_bodies = false;
SET xmloption = content;
SET client_min_messages = warning;
SET row_security = off;

UPDATE pg_catalog.pg_database SET datistemplate = false WHERE datname = 'template1';
DROP DATABASE template1;
--
-- Name: template1; Type: DATABASE; Schema: -; Owner: postgres
--

CREATE DATABASE template1 WITH TEMPLATE = template0 ENCODING = 'UTF8' LOCALE_PROVIDER = libc LOCALE = 'en_US.utf8';


ALTER DATABASE template1 OWNER TO postgres;

\connect template1

SET statement_timeout = 0;
SET lock_timeout = 0;
SET idle_in_transaction_session_timeout = 0;
SET client_encoding = 'UTF8';
SET standard_conforming_strings = on;
SELECT pg_catalog.set_config('search_path', '', false);
SET check_function_bodies = false;
SET xmloption = content;
SET client_min_messages = warning;
SET row_security = off;

--
-- Name: DATABASE template1; Type: COMMENT; Schema: -; Owner: postgres
--

COMMENT ON DATABASE template1 IS 'default template for new databases';


--
-- Name: template1; Type: DATABASE PROPERTIES; Schema: -; Owner: postgres
--

ALTER DATABASE template1 IS_TEMPLATE = true;


\connect template1

SET statement_timeout = 0;
SET lock_timeout = 0;
SET idle_in_transaction_session_timeout = 0;
SET client_encoding = 'UTF8';
SET standard_conforming_strings = on;
SELECT pg_catalog.set_config('search_path', '', false);
SET check_function_bodies = false;
SET xmloption = content;
SET client_min_messages = warning;
SET row_security = off;

--
-- Name: DATABASE template1; Type: ACL; Schema: -; Owner: postgres
--

REVOKE CONNECT,TEMPORARY ON DATABASE template1 FROM PUBLIC;
GRANT CONNECT ON DATABASE template1 TO PUBLIC;


--
-- PostgreSQL database dump complete
--

--
-- Database "postgres" dump
--

--
-- PostgreSQL database dump
--

-- Dumped from database version 15.2 (Debian 15.2-1.pgdg110+1)
-- Dumped by pg_dump version 15.2 (Debian 15.2-1.pgdg110+1)

SET statement_timeout = 0;
SET lock_timeout = 0;
SET idle_in_transaction_session_timeout = 0;
SET client_encoding = 'UTF8';
SET standard_conforming_strings = on;
SELECT pg_catalog.set_config('search_path', '', false);
SET check_function_bodies = false;
SET xmloption = content;
SET client_min_messages = warning;
SET row_security = off;

DROP DATABASE postgres;
--
-- Name: postgres; Type: DATABASE; Schema: -; Owner: postgres
--

CREATE DATABASE postgres WITH TEMPLATE = template0 ENCODING = 'UTF8' LOCALE_PROVIDER = libc LOCALE = 'en_US.utf8';


ALTER DATABASE postgres OWNER TO postgres;

\connect postgres

SET statement_timeout = 0;
SET lock_timeout = 0;
SET idle_in_transaction_session_timeout = 0;
SET client_encoding = 'UTF8';
SET standard_conforming_strings = on;
SELECT pg_catalog.set_config('search_path', '', false);
SET check_function_bodies = false;
SET xmloption = content;
SET client_min_messages = warning;
SET row_security = off;

--
-- Name: DATABASE postgres; Type: COMMENT; Schema: -; Owner: postgres
--

COMMENT ON DATABASE postgres IS 'default administrative connection database';


SET default_tablespace = '';

SET default_table_access_method = heap;

--
-- Name: Advertise-with-well-plus-good; Type: TABLE; Schema: public; Owner: postgres
--

CREATE TABLE public."Advertise-with-well-plus-good" (
    id bigint NOT NULL,
    title character varying(100) NOT NULL,
    content text,
    created_at timestamp with time zone NOT NULL,
    updated_at timestamp with time zone NOT NULL,
    author_advertise_well_good_id bigint NOT NULL
);


ALTER TABLE public."Advertise-with-well-plus-good" OWNER TO postgres;

--
-- Name: Advertise-with-well-plus-good_id_seq; Type: SEQUENCE; Schema: public; Owner: postgres
--

ALTER TABLE public."Advertise-with-well-plus-good" ALTER COLUMN id ADD GENERATED BY DEFAULT AS IDENTITY (
    SEQUENCE NAME public."Advertise-with-well-plus-good_id_seq"
    START WITH 1
    INCREMENT BY 1
    NO MINVALUE
    NO MAXVALUE
    CACHE 1
);


--
-- Name: Advertise-with-well-plus-good_paragraphs_advertise_well_good; Type: TABLE; Schema: public; Owner: postgres
--

CREATE TABLE public."Advertise-with-well-plus-good_paragraphs_advertise_well_good" (
    id bigint NOT NULL,
    advertisewithwellplusgood_id bigint NOT NULL,
    paragraph_id bigint NOT NULL
);


ALTER TABLE public."Advertise-with-well-plus-good_paragraphs_advertise_well_good" OWNER TO postgres;

--
-- Name: Advertise-with-well-plus-good_paragraphs_advertise_well__id_seq; Type: SEQUENCE; Schema: public; Owner: postgres
--

ALTER TABLE public."Advertise-with-well-plus-good_paragraphs_advertise_well_good" ALTER COLUMN id ADD GENERATED BY DEFAULT AS IDENTITY (
    SEQUENCE NAME public."Advertise-with-well-plus-good_paragraphs_advertise_well__id_seq"
    START WITH 1
    INCREMENT BY 1
    NO MINVALUE
    NO MAXVALUE
    CACHE 1
);


--
-- Name: ContactUs_paragraph; Type: TABLE; Schema: public; Owner: postgres
--

CREATE TABLE public."ContactUs_paragraph" (
    id bigint NOT NULL,
    paragraph_title character varying(255),
    paragraph_content text,
    "order" integer,
    advertise_with_us_id bigint,
    contact_us_id bigint,
    CONSTRAINT "ContactUs_paragraph_order_check" CHECK (("order" >= 0))
);


ALTER TABLE public."ContactUs_paragraph" OWNER TO postgres;

--
-- Name: ContactUs_paragraph_id_seq; Type: SEQUENCE; Schema: public; Owner: postgres
--

ALTER TABLE public."ContactUs_paragraph" ALTER COLUMN id ADD GENERATED BY DEFAULT AS IDENTITY (
    SEQUENCE NAME public."ContactUs_paragraph_id_seq"
    START WITH 1
    INCREMENT BY 1
    NO MINVALUE
    NO MAXVALUE
    CACHE 1
);


--
-- Name: ContactUs_paragraph_step_by_step_guide; Type: TABLE; Schema: public; Owner: postgres
--

CREATE TABLE public."ContactUs_paragraph_step_by_step_guide" (
    id bigint NOT NULL,
    paragraph_id bigint NOT NULL,
    stepbystepguide_id bigint NOT NULL
);


ALTER TABLE public."ContactUs_paragraph_step_by_step_guide" OWNER TO postgres;

--
-- Name: ContactUs_paragraph_step_by_step_guide_id_seq; Type: SEQUENCE; Schema: public; Owner: postgres
--

ALTER TABLE public."ContactUs_paragraph_step_by_step_guide" ALTER COLUMN id ADD GENERATED BY DEFAULT AS IDENTITY (
    SEQUENCE NAME public."ContactUs_paragraph_step_by_step_guide_id_seq"
    START WITH 1
    INCREMENT BY 1
    NO MINVALUE
    NO MAXVALUE
    CACHE 1
);


--
-- Name: PrivacyPolicy; Type: TABLE; Schema: public; Owner: postgres
--

CREATE TABLE public."PrivacyPolicy" (
    id bigint NOT NULL,
    title character varying(100) NOT NULL,
    content text,
    created_at timestamp with time zone NOT NULL,
    updated_at timestamp with time zone NOT NULL,
    author_privacy_policy_id bigint
);


ALTER TABLE public."PrivacyPolicy" OWNER TO postgres;

--
-- Name: PrivacyPolicy_id_seq; Type: SEQUENCE; Schema: public; Owner: postgres
--

ALTER TABLE public."PrivacyPolicy" ALTER COLUMN id ADD GENERATED BY DEFAULT AS IDENTITY (
    SEQUENCE NAME public."PrivacyPolicy_id_seq"
    START WITH 1
    INCREMENT BY 1
    NO MINVALUE
    NO MAXVALUE
    CACHE 1
);


--
-- Name: PrivacyPolicy_paragraphs_privacy_policy; Type: TABLE; Schema: public; Owner: postgres
--

CREATE TABLE public."PrivacyPolicy_paragraphs_privacy_policy" (
    id bigint NOT NULL,
    privacypolicy_id bigint NOT NULL,
    paragraph_id bigint NOT NULL
);


ALTER TABLE public."PrivacyPolicy_paragraphs_privacy_policy" OWNER TO postgres;

--
-- Name: PrivacyPolicy_paragraphs_privacy_policy_id_seq; Type: SEQUENCE; Schema: public; Owner: postgres
--

ALTER TABLE public."PrivacyPolicy_paragraphs_privacy_policy" ALTER COLUMN id ADD GENERATED BY DEFAULT AS IDENTITY (
    SEQUENCE NAME public."PrivacyPolicy_paragraphs_privacy_policy_id_seq"
    START WITH 1
    INCREMENT BY 1
    NO MINVALUE
    NO MAXVALUE
    CACHE 1
);


--
-- Name: UserManagement_user; Type: TABLE; Schema: public; Owner: postgres
--

CREATE TABLE public."UserManagement_user" (
    id bigint NOT NULL,
    password character varying(128) NOT NULL,
    last_login timestamp with time zone,
    email character varying(255) NOT NULL,
    first_name character varying(255) NOT NULL,
    last_name character varying(255) NOT NULL,
    tc boolean NOT NULL,
    is_active boolean NOT NULL,
    is_admin boolean NOT NULL,
    created_at timestamp with time zone NOT NULL,
    updated_at timestamp with time zone NOT NULL
);


ALTER TABLE public."UserManagement_user" OWNER TO postgres;

--
-- Name: UserManagement_user_id_seq; Type: SEQUENCE; Schema: public; Owner: postgres
--

ALTER TABLE public."UserManagement_user" ALTER COLUMN id ADD GENERATED BY DEFAULT AS IDENTITY (
    SEQUENCE NAME public."UserManagement_user_id_seq"
    START WITH 1
    INCREMENT BY 1
    NO MINVALUE
    NO MAXVALUE
    CACHE 1
);


--
-- Name: UserProfile_role; Type: TABLE; Schema: public; Owner: postgres
--

CREATE TABLE public."UserProfile_role" (
    id bigint NOT NULL,
    role_name character varying(100) NOT NULL
);


ALTER TABLE public."UserProfile_role" OWNER TO postgres;

--
-- Name: UserProfile_role_id_seq; Type: SEQUENCE; Schema: public; Owner: postgres
--

ALTER TABLE public."UserProfile_role" ALTER COLUMN id ADD GENERATED BY DEFAULT AS IDENTITY (
    SEQUENCE NAME public."UserProfile_role_id_seq"
    START WITH 1
    INCREMENT BY 1
    NO MINVALUE
    NO MAXVALUE
    CACHE 1
);


--
-- Name: UserProfile_userprofile; Type: TABLE; Schema: public; Owner: postgres
--

CREATE TABLE public."UserProfile_userprofile" (
    id bigint NOT NULL,
    bio text,
    profile_image character varying(100),
    country character varying(150),
    city character varying(150),
    twitter_acc character varying(300),
    facebook_acc character varying(300),
    instagram_acc character varying(300),
    role_id bigint NOT NULL,
    user_id bigint NOT NULL
);


ALTER TABLE public."UserProfile_userprofile" OWNER TO postgres;

--
-- Name: UserProfile_userprofile_id_seq; Type: SEQUENCE; Schema: public; Owner: postgres
--

ALTER TABLE public."UserProfile_userprofile" ALTER COLUMN id ADD GENERATED BY DEFAULT AS IDENTITY (
    SEQUENCE NAME public."UserProfile_userprofile_id_seq"
    START WITH 1
    INCREMENT BY 1
    NO MINVALUE
    NO MAXVALUE
    CACHE 1
);


--
-- Name: auth_group; Type: TABLE; Schema: public; Owner: postgres
--

CREATE TABLE public.auth_group (
    id integer NOT NULL,
    name character varying(150) NOT NULL
);


ALTER TABLE public.auth_group OWNER TO postgres;

--
-- Name: auth_group_id_seq; Type: SEQUENCE; Schema: public; Owner: postgres
--

ALTER TABLE public.auth_group ALTER COLUMN id ADD GENERATED BY DEFAULT AS IDENTITY (
    SEQUENCE NAME public.auth_group_id_seq
    START WITH 1
    INCREMENT BY 1
    NO MINVALUE
    NO MAXVALUE
    CACHE 1
);


--
-- Name: auth_group_permissions; Type: TABLE; Schema: public; Owner: postgres
--

CREATE TABLE public.auth_group_permissions (
    id bigint NOT NULL,
    group_id integer NOT NULL,
    permission_id integer NOT NULL
);


ALTER TABLE public.auth_group_permissions OWNER TO postgres;

--
-- Name: auth_group_permissions_id_seq; Type: SEQUENCE; Schema: public; Owner: postgres
--

ALTER TABLE public.auth_group_permissions ALTER COLUMN id ADD GENERATED BY DEFAULT AS IDENTITY (
    SEQUENCE NAME public.auth_group_permissions_id_seq
    START WITH 1
    INCREMENT BY 1
    NO MINVALUE
    NO MAXVALUE
    CACHE 1
);


--
-- Name: auth_permission; Type: TABLE; Schema: public; Owner: postgres
--

CREATE TABLE public.auth_permission (
    id integer NOT NULL,
    name character varying(255) NOT NULL,
    content_type_id integer NOT NULL,
    codename character varying(100) NOT NULL
);


ALTER TABLE public.auth_permission OWNER TO postgres;

--
-- Name: auth_permission_id_seq; Type: SEQUENCE; Schema: public; Owner: postgres
--

ALTER TABLE public.auth_permission ALTER COLUMN id ADD GENERATED BY DEFAULT AS IDENTITY (
    SEQUENCE NAME public.auth_permission_id_seq
    START WITH 1
    INCREMENT BY 1
    NO MINVALUE
    NO MAXVALUE
    CACHE 1
);


--
-- Name: blog_blogparagraph; Type: TABLE; Schema: public; Owner: postgres
--

CREATE TABLE public.blog_blogparagraph (
    id bigint NOT NULL,
    paragraph_title character varying(255),
    paragraph_content text,
    "order" integer,
    blog_post_id bigint,
    paragraphs_self_refer_id bigint,
    CONSTRAINT blog_blogparagraph_order_check CHECK (("order" >= 0))
);


ALTER TABLE public.blog_blogparagraph OWNER TO postgres;

--
-- Name: blog_blogparagraph_id_seq; Type: SEQUENCE; Schema: public; Owner: postgres
--

ALTER TABLE public.blog_blogparagraph ALTER COLUMN id ADD GENERATED BY DEFAULT AS IDENTITY (
    SEQUENCE NAME public.blog_blogparagraph_id_seq
    START WITH 1
    INCREMENT BY 1
    NO MINVALUE
    NO MAXVALUE
    CACHE 1
);


--
-- Name: blog_blogparagraph_step_by_step_guide; Type: TABLE; Schema: public; Owner: postgres
--

CREATE TABLE public.blog_blogparagraph_step_by_step_guide (
    id bigint NOT NULL,
    blogparagraph_id bigint NOT NULL,
    blogstepbystepguide_id bigint NOT NULL
);


ALTER TABLE public.blog_blogparagraph_step_by_step_guide OWNER TO postgres;

--
-- Name: blog_blogparagraph_step_by_step_guide_id_seq; Type: SEQUENCE; Schema: public; Owner: postgres
--

ALTER TABLE public.blog_blogparagraph_step_by_step_guide ALTER COLUMN id ADD GENERATED BY DEFAULT AS IDENTITY (
    SEQUENCE NAME public.blog_blogparagraph_step_by_step_guide_id_seq
    START WITH 1
    INCREMENT BY 1
    NO MINVALUE
    NO MAXVALUE
    CACHE 1
);


--
-- Name: blog_blogpostimage; Type: TABLE; Schema: public; Owner: postgres
--

CREATE TABLE public.blog_blogpostimage (
    id bigint NOT NULL,
    images character varying(100)
);


ALTER TABLE public.blog_blogpostimage OWNER TO postgres;

--
-- Name: blog_blogpostimage_id_seq; Type: SEQUENCE; Schema: public; Owner: postgres
--

ALTER TABLE public.blog_blogpostimage ALTER COLUMN id ADD GENERATED BY DEFAULT AS IDENTITY (
    SEQUENCE NAME public.blog_blogpostimage_id_seq
    START WITH 1
    INCREMENT BY 1
    NO MINVALUE
    NO MAXVALUE
    CACHE 1
);


--
-- Name: blog_category; Type: TABLE; Schema: public; Owner: postgres
--

CREATE TABLE public.blog_category (
    id bigint NOT NULL,
    category_name character varying(100) NOT NULL
);


ALTER TABLE public.blog_category OWNER TO postgres;

--
-- Name: blog_category_id_seq; Type: SEQUENCE; Schema: public; Owner: postgres
--

ALTER TABLE public.blog_category ALTER COLUMN id ADD GENERATED BY DEFAULT AS IDENTITY (
    SEQUENCE NAME public.blog_category_id_seq
    START WITH 1
    INCREMENT BY 1
    NO MINVALUE
    NO MAXVALUE
    CACHE 1
);


--
-- Name: blog_comment; Type: TABLE; Schema: public; Owner: postgres
--

CREATE TABLE public.blog_comment (
    id bigint NOT NULL,
    created_date timestamp with time zone NOT NULL,
    updated_at timestamp with time zone NOT NULL,
    comment_text text NOT NULL,
    author_id bigint NOT NULL,
    post_id bigint NOT NULL
);


ALTER TABLE public.blog_comment OWNER TO postgres;

--
-- Name: blog_comment_id_seq; Type: SEQUENCE; Schema: public; Owner: postgres
--

ALTER TABLE public.blog_comment ALTER COLUMN id ADD GENERATED BY DEFAULT AS IDENTITY (
    SEQUENCE NAME public.blog_comment_id_seq
    START WITH 1
    INCREMENT BY 1
    NO MINVALUE
    NO MAXVALUE
    CACHE 1
);


--
-- Name: blog_posts; Type: TABLE; Schema: public; Owner: postgres
--

CREATE TABLE public.blog_posts (
    id bigint NOT NULL,
    title character varying(100) NOT NULL,
    content text,
    status integer,
    slug character varying(255),
    cover_image character varying(100),
    quote character varying(255),
    quote_writer character varying(255),
    created_at timestamp with time zone NOT NULL,
    updated_at timestamp with time zone NOT NULL,
    most_recent_posts boolean,
    featured_posts boolean,
    older_posts boolean,
    author_id bigint NOT NULL,
    category_id bigint NOT NULL,
    topic_type_id bigint
);


ALTER TABLE public.blog_posts OWNER TO postgres;

--
-- Name: blog_posts_id_seq; Type: SEQUENCE; Schema: public; Owner: postgres
--

ALTER TABLE public.blog_posts ALTER COLUMN id ADD GENERATED BY DEFAULT AS IDENTITY (
    SEQUENCE NAME public.blog_posts_id_seq
    START WITH 1
    INCREMENT BY 1
    NO MINVALUE
    NO MAXVALUE
    CACHE 1
);


--
-- Name: blog_posts_paragraphs; Type: TABLE; Schema: public; Owner: postgres
--

CREATE TABLE public.blog_posts_paragraphs (
    id bigint NOT NULL,
    blogpost_id bigint NOT NULL,
    blogparagraph_id bigint NOT NULL
);


ALTER TABLE public.blog_posts_paragraphs OWNER TO postgres;

--
-- Name: blog_posts_paragraphs_id_seq; Type: SEQUENCE; Schema: public; Owner: postgres
--

ALTER TABLE public.blog_posts_paragraphs ALTER COLUMN id ADD GENERATED BY DEFAULT AS IDENTITY (
    SEQUENCE NAME public.blog_posts_paragraphs_id_seq
    START WITH 1
    INCREMENT BY 1
    NO MINVALUE
    NO MAXVALUE
    CACHE 1
);


--
-- Name: blog_posts_post_images; Type: TABLE; Schema: public; Owner: postgres
--

CREATE TABLE public.blog_posts_post_images (
    id bigint NOT NULL,
    blogpost_id bigint NOT NULL,
    blogpostimage_id bigint NOT NULL
);


ALTER TABLE public.blog_posts_post_images OWNER TO postgres;

--
-- Name: blog_posts_post_images_id_seq; Type: SEQUENCE; Schema: public; Owner: postgres
--

ALTER TABLE public.blog_posts_post_images ALTER COLUMN id ADD GENERATED BY DEFAULT AS IDENTITY (
    SEQUENCE NAME public.blog_posts_post_images_id_seq
    START WITH 1
    INCREMENT BY 1
    NO MINVALUE
    NO MAXVALUE
    CACHE 1
);


--
-- Name: blog_reply; Type: TABLE; Schema: public; Owner: postgres
--

CREATE TABLE public.blog_reply (
    id bigint NOT NULL,
    created_at timestamp with time zone NOT NULL,
    updated_at timestamp with time zone NOT NULL,
    reply_text text NOT NULL,
    author_id bigint NOT NULL,
    comment_id_id bigint NOT NULL
);


ALTER TABLE public.blog_reply OWNER TO postgres;

--
-- Name: blog_reply_id_seq; Type: SEQUENCE; Schema: public; Owner: postgres
--

ALTER TABLE public.blog_reply ALTER COLUMN id ADD GENERATED BY DEFAULT AS IDENTITY (
    SEQUENCE NAME public.blog_reply_id_seq
    START WITH 1
    INCREMENT BY 1
    NO MINVALUE
    NO MAXVALUE
    CACHE 1
);


--
-- Name: blog_topictype; Type: TABLE; Schema: public; Owner: postgres
--

CREATE TABLE public.blog_topictype (
    id bigint NOT NULL,
    topic character varying(100)
);


ALTER TABLE public.blog_topictype OWNER TO postgres;

--
-- Name: blog_topictype_id_seq; Type: SEQUENCE; Schema: public; Owner: postgres
--

ALTER TABLE public.blog_topictype ALTER COLUMN id ADD GENERATED BY DEFAULT AS IDENTITY (
    SEQUENCE NAME public.blog_topictype_id_seq
    START WITH 1
    INCREMENT BY 1
    NO MINVALUE
    NO MAXVALUE
    CACHE 1
);


--
-- Name: contact_us; Type: TABLE; Schema: public; Owner: postgres
--

CREATE TABLE public.contact_us (
    id bigint NOT NULL,
    title character varying(100) NOT NULL,
    content text,
    created_at timestamp with time zone NOT NULL,
    updated_at timestamp with time zone NOT NULL,
    author_id bigint NOT NULL
);


ALTER TABLE public.contact_us OWNER TO postgres;

--
-- Name: contact_us_id_seq; Type: SEQUENCE; Schema: public; Owner: postgres
--

ALTER TABLE public.contact_us ALTER COLUMN id ADD GENERATED BY DEFAULT AS IDENTITY (
    SEQUENCE NAME public.contact_us_id_seq
    START WITH 1
    INCREMENT BY 1
    NO MINVALUE
    NO MAXVALUE
    CACHE 1
);


--
-- Name: contact_us_paragraphs; Type: TABLE; Schema: public; Owner: postgres
--

CREATE TABLE public.contact_us_paragraphs (
    id bigint NOT NULL,
    contactus_id bigint NOT NULL,
    paragraph_id bigint NOT NULL
);


ALTER TABLE public.contact_us_paragraphs OWNER TO postgres;

--
-- Name: contact_us_paragraphs_id_seq; Type: SEQUENCE; Schema: public; Owner: postgres
--

ALTER TABLE public.contact_us_paragraphs ALTER COLUMN id ADD GENERATED BY DEFAULT AS IDENTITY (
    SEQUENCE NAME public.contact_us_paragraphs_id_seq
    START WITH 1
    INCREMENT BY 1
    NO MINVALUE
    NO MAXVALUE
    CACHE 1
);


--
-- Name: django_admin_log; Type: TABLE; Schema: public; Owner: postgres
--

CREATE TABLE public.django_admin_log (
    id integer NOT NULL,
    action_time timestamp with time zone NOT NULL,
    object_id text,
    object_repr character varying(200) NOT NULL,
    action_flag smallint NOT NULL,
    change_message text NOT NULL,
    content_type_id integer,
    user_id bigint NOT NULL,
    CONSTRAINT django_admin_log_action_flag_check CHECK ((action_flag >= 0))
);


ALTER TABLE public.django_admin_log OWNER TO postgres;

--
-- Name: django_admin_log_id_seq; Type: SEQUENCE; Schema: public; Owner: postgres
--

ALTER TABLE public.django_admin_log ALTER COLUMN id ADD GENERATED BY DEFAULT AS IDENTITY (
    SEQUENCE NAME public.django_admin_log_id_seq
    START WITH 1
    INCREMENT BY 1
    NO MINVALUE
    NO MAXVALUE
    CACHE 1
);


--
-- Name: django_content_type; Type: TABLE; Schema: public; Owner: postgres
--

CREATE TABLE public.django_content_type (
    id integer NOT NULL,
    app_label character varying(100) NOT NULL,
    model character varying(100) NOT NULL
);


ALTER TABLE public.django_content_type OWNER TO postgres;

--
-- Name: django_content_type_id_seq; Type: SEQUENCE; Schema: public; Owner: postgres
--

ALTER TABLE public.django_content_type ALTER COLUMN id ADD GENERATED BY DEFAULT AS IDENTITY (
    SEQUENCE NAME public.django_content_type_id_seq
    START WITH 1
    INCREMENT BY 1
    NO MINVALUE
    NO MAXVALUE
    CACHE 1
);


--
-- Name: django_migrations; Type: TABLE; Schema: public; Owner: postgres
--

CREATE TABLE public.django_migrations (
    id bigint NOT NULL,
    app character varying(255) NOT NULL,
    name character varying(255) NOT NULL,
    applied timestamp with time zone NOT NULL
);


ALTER TABLE public.django_migrations OWNER TO postgres;

--
-- Name: django_migrations_id_seq; Type: SEQUENCE; Schema: public; Owner: postgres
--

ALTER TABLE public.django_migrations ALTER COLUMN id ADD GENERATED BY DEFAULT AS IDENTITY (
    SEQUENCE NAME public.django_migrations_id_seq
    START WITH 1
    INCREMENT BY 1
    NO MINVALUE
    NO MAXVALUE
    CACHE 1
);


--
-- Name: django_session; Type: TABLE; Schema: public; Owner: postgres
--

CREATE TABLE public.django_session (
    session_key character varying(40) NOT NULL,
    session_data text NOT NULL,
    expire_date timestamp with time zone NOT NULL
);


ALTER TABLE public.django_session OWNER TO postgres;

--
-- Name: legal_clause; Type: TABLE; Schema: public; Owner: postgres
--

CREATE TABLE public.legal_clause (
    id bigint NOT NULL,
    clue_title character varying(255) NOT NULL,
    clue_content text NOT NULL,
    "order" integer NOT NULL,
    terms_and_conditions_id bigint NOT NULL,
    CONSTRAINT legal_clause_order_check CHECK (("order" >= 0))
);


ALTER TABLE public.legal_clause OWNER TO postgres;

--
-- Name: legal_clause_id_seq; Type: SEQUENCE; Schema: public; Owner: postgres
--

ALTER TABLE public.legal_clause ALTER COLUMN id ADD GENERATED BY DEFAULT AS IDENTITY (
    SEQUENCE NAME public.legal_clause_id_seq
    START WITH 1
    INCREMENT BY 1
    NO MINVALUE
    NO MAXVALUE
    CACHE 1
);


--
-- Name: legal_termsandconditions; Type: TABLE; Schema: public; Owner: postgres
--

CREATE TABLE public.legal_termsandconditions (
    id bigint NOT NULL,
    title character varying(255) NOT NULL,
    content text NOT NULL,
    date_created timestamp with time zone NOT NULL,
    date_updated timestamp with time zone NOT NULL
);


ALTER TABLE public.legal_termsandconditions OWNER TO postgres;

--
-- Name: legal_termsandconditions_id_seq; Type: SEQUENCE; Schema: public; Owner: postgres
--

ALTER TABLE public.legal_termsandconditions ALTER COLUMN id ADD GENERATED BY DEFAULT AS IDENTITY (
    SEQUENCE NAME public.legal_termsandconditions_id_seq
    START WITH 1
    INCREMENT BY 1
    NO MINVALUE
    NO MAXVALUE
    CACHE 1
);


--
-- Name: legal_useragreement; Type: TABLE; Schema: public; Owner: postgres
--

CREATE TABLE public.legal_useragreement (
    id bigint NOT NULL,
    agreed_date timestamp with time zone NOT NULL,
    terms_and_conditions_id bigint NOT NULL,
    user_id bigint NOT NULL
);


ALTER TABLE public.legal_useragreement OWNER TO postgres;

--
-- Name: legal_useragreement_id_seq; Type: SEQUENCE; Schema: public; Owner: postgres
--

ALTER TABLE public.legal_useragreement ALTER COLUMN id ADD GENERATED BY DEFAULT AS IDENTITY (
    SEQUENCE NAME public.legal_useragreement_id_seq
    START WITH 1
    INCREMENT BY 1
    NO MINVALUE
    NO MAXVALUE
    CACHE 1
);


--
-- Name: silk_profile; Type: TABLE; Schema: public; Owner: postgres
--

CREATE TABLE public.silk_profile (
    id integer NOT NULL,
    name character varying(300) NOT NULL,
    start_time timestamp with time zone NOT NULL,
    end_time timestamp with time zone,
    time_taken double precision,
    file_path character varying(300) NOT NULL,
    line_num integer,
    end_line_num integer,
    func_name character varying(300) NOT NULL,
    exception_raised boolean NOT NULL,
    dynamic boolean NOT NULL,
    request_id character varying(36)
);


ALTER TABLE public.silk_profile OWNER TO postgres;

--
-- Name: silk_profile_id_seq; Type: SEQUENCE; Schema: public; Owner: postgres
--

ALTER TABLE public.silk_profile ALTER COLUMN id ADD GENERATED BY DEFAULT AS IDENTITY (
    SEQUENCE NAME public.silk_profile_id_seq
    START WITH 1
    INCREMENT BY 1
    NO MINVALUE
    NO MAXVALUE
    CACHE 1
);


--
-- Name: silk_profile_queries; Type: TABLE; Schema: public; Owner: postgres
--

CREATE TABLE public.silk_profile_queries (
    id bigint NOT NULL,
    profile_id integer NOT NULL,
    sqlquery_id integer NOT NULL
);


ALTER TABLE public.silk_profile_queries OWNER TO postgres;

--
-- Name: silk_profile_queries_id_seq; Type: SEQUENCE; Schema: public; Owner: postgres
--

ALTER TABLE public.silk_profile_queries ALTER COLUMN id ADD GENERATED BY DEFAULT AS IDENTITY (
    SEQUENCE NAME public.silk_profile_queries_id_seq
    START WITH 1
    INCREMENT BY 1
    NO MINVALUE
    NO MAXVALUE
    CACHE 1
);


--
-- Name: silk_request; Type: TABLE; Schema: public; Owner: postgres
--

CREATE TABLE public.silk_request (
    id character varying(36) NOT NULL,
    path character varying(190) NOT NULL,
    query_params text NOT NULL,
    raw_body text NOT NULL,
    body text NOT NULL,
    method character varying(10) NOT NULL,
    start_time timestamp with time zone NOT NULL,
    view_name character varying(190),
    end_time timestamp with time zone,
    time_taken double precision,
    encoded_headers text NOT NULL,
    meta_time double precision,
    meta_num_queries integer,
    meta_time_spent_queries double precision,
    pyprofile text NOT NULL,
    num_sql_queries integer NOT NULL,
    prof_file character varying(300) NOT NULL
);


ALTER TABLE public.silk_request OWNER TO postgres;

--
-- Name: silk_response; Type: TABLE; Schema: public; Owner: postgres
--

CREATE TABLE public.silk_response (
    id character varying(36) NOT NULL,
    status_code integer NOT NULL,
    raw_body text NOT NULL,
    body text NOT NULL,
    encoded_headers text NOT NULL,
    request_id character varying(36) NOT NULL
);


ALTER TABLE public.silk_response OWNER TO postgres;

--
-- Name: silk_sqlquery; Type: TABLE; Schema: public; Owner: postgres
--

CREATE TABLE public.silk_sqlquery (
    id integer NOT NULL,
    query text NOT NULL,
    start_time timestamp with time zone,
    end_time timestamp with time zone,
    time_taken double precision,
    traceback text NOT NULL,
    request_id character varying(36),
    identifier integer NOT NULL,
    analysis text
);


ALTER TABLE public.silk_sqlquery OWNER TO postgres;

--
-- Name: silk_sqlquery_id_seq; Type: SEQUENCE; Schema: public; Owner: postgres
--

ALTER TABLE public.silk_sqlquery ALTER COLUMN id ADD GENERATED BY DEFAULT AS IDENTITY (
    SEQUENCE NAME public.silk_sqlquery_id_seq
    START WITH 1
    INCREMENT BY 1
    NO MINVALUE
    NO MAXVALUE
    CACHE 1
);


--
-- Name: step_by_step_guides; Type: TABLE; Schema: public; Owner: postgres
--

CREATE TABLE public.step_by_step_guides (
    id bigint NOT NULL,
    list_style character varying(50),
    sbs_guide_number smallint,
    sub_heading character varying(255),
    sub_content text,
    sbs_index smallint,
    blog_paragraphs_id bigint,
    blog_post_id bigint NOT NULL,
    sbs_self_refer_id bigint,
    CONSTRAINT step_by_step_guides_sbs_guide_number_check CHECK ((sbs_guide_number >= 0)),
    CONSTRAINT step_by_step_guides_sbs_index_check CHECK ((sbs_index >= 0))
);


ALTER TABLE public.step_by_step_guides OWNER TO postgres;

--
-- Name: step_by_step_guides_contact_us_specific; Type: TABLE; Schema: public; Owner: postgres
--

CREATE TABLE public.step_by_step_guides_contact_us_specific (
    id bigint NOT NULL,
    list_style character varying(50),
    sbs_guide_number smallint,
    sub_heading character varying(255),
    sub_content text,
    sbs_index smallint,
    blog_paragraphs_id bigint,
    contact_us_id bigint NOT NULL,
    privacy_policy_id bigint,
    sbs_self_refer_id bigint,
    CONSTRAINT step_by_step_guides_contact_us_specific_sbs_guide_number_check CHECK ((sbs_guide_number >= 0)),
    CONSTRAINT step_by_step_guides_contact_us_specific_sbs_index_check CHECK ((sbs_index >= 0))
);


ALTER TABLE public.step_by_step_guides_contact_us_specific OWNER TO postgres;

--
-- Name: step_by_step_guides_contact_us_specific_id_seq; Type: SEQUENCE; Schema: public; Owner: postgres
--

ALTER TABLE public.step_by_step_guides_contact_us_specific ALTER COLUMN id ADD GENERATED BY DEFAULT AS IDENTITY (
    SEQUENCE NAME public.step_by_step_guides_contact_us_specific_id_seq
    START WITH 1
    INCREMENT BY 1
    NO MINVALUE
    NO MAXVALUE
    CACHE 1
);


--
-- Name: step_by_step_guides_id_seq; Type: SEQUENCE; Schema: public; Owner: postgres
--

ALTER TABLE public.step_by_step_guides ALTER COLUMN id ADD GENERATED BY DEFAULT AS IDENTITY (
    SEQUENCE NAME public.step_by_step_guides_id_seq
    START WITH 1
    INCREMENT BY 1
    NO MINVALUE
    NO MAXVALUE
    CACHE 1
);


--
-- Data for Name: Advertise-with-well-plus-good; Type: TABLE DATA; Schema: public; Owner: postgres
--

COPY public."Advertise-with-well-plus-good" (id, title, content, created_at, updated_at, author_advertise_well_good_id) FROM stdin;
\.


--
-- Data for Name: Advertise-with-well-plus-good_paragraphs_advertise_well_good; Type: TABLE DATA; Schema: public; Owner: postgres
--

COPY public."Advertise-with-well-plus-good_paragraphs_advertise_well_good" (id, advertisewithwellplusgood_id, paragraph_id) FROM stdin;
\.


--
-- Data for Name: ContactUs_paragraph; Type: TABLE DATA; Schema: public; Owner: postgres
--

COPY public."ContactUs_paragraph" (id, paragraph_title, paragraph_content, "order", advertise_with_us_id, contact_us_id) FROM stdin;
\.


--
-- Data for Name: ContactUs_paragraph_step_by_step_guide; Type: TABLE DATA; Schema: public; Owner: postgres
--

COPY public."ContactUs_paragraph_step_by_step_guide" (id, paragraph_id, stepbystepguide_id) FROM stdin;
\.


--
-- Data for Name: PrivacyPolicy; Type: TABLE DATA; Schema: public; Owner: postgres
--

COPY public."PrivacyPolicy" (id, title, content, created_at, updated_at, author_privacy_policy_id) FROM stdin;
\.


--
-- Data for Name: PrivacyPolicy_paragraphs_privacy_policy; Type: TABLE DATA; Schema: public; Owner: postgres
--

COPY public."PrivacyPolicy_paragraphs_privacy_policy" (id, privacypolicy_id, paragraph_id) FROM stdin;
\.


--
-- Data for Name: UserManagement_user; Type: TABLE DATA; Schema: public; Owner: postgres
--

COPY public."UserManagement_user" (id, password, last_login, email, first_name, last_name, tc, is_active, is_admin, created_at, updated_at) FROM stdin;
1	pbkdf2_sha256$390000$6JsqVUkKsRNn7FhvcwNsGi$HqxnhD5cqgk9UI3Kw+/JK7QcDeDHD3DPf9DqVuGkC6U=	2023-03-20 17:08:12.544311+00	com.qandeelhaider@gmail.com	qandeel	haider	t	t	t	2023-03-20 15:04:35.329479+00	2023-03-20 15:04:35.332233+00
2	pbkdf2_sha256$390000$J2TUYrgYsDbjkKgOOhyth6$8PAG5kPf14KdK/7tqjzzKOP5bUytA3yQo+1UFni1ma4=	\N	darindahp@gmail.com	usama	mehmod	t	t	t	2023-03-20 17:16:12.118638+00	2023-03-20 17:17:04.417509+00
\.


--
-- Data for Name: UserProfile_role; Type: TABLE DATA; Schema: public; Owner: postgres
--

COPY public."UserProfile_role" (id, role_name) FROM stdin;
1	SENIOR BEAUTY EDITOR
\.


--
-- Data for Name: UserProfile_userprofile; Type: TABLE DATA; Schema: public; Owner: postgres
--

COPY public."UserProfile_userprofile" (id, bio, profile_image, country, city, twitter_acc, facebook_acc, instagram_acc, role_id, user_id) FROM stdin;
1	oë Weiner is senior beauty editor at Well+Good, where she guides coverage of skin care, hair care, cosmetics, and the beauty industry at large. A versatile writer and editor, she is also the host of Well+Good YouTube series Zoë Tries It All, testing the latest and greatest wellness experiences, beauty products, physical fitness routines, home technology, and more.\r\nBefore joining the team at W+G in 2018, Zoë covered a wide range of lifestyle topics for Glamour, Allure, Marie Claire, SELF, Teen Vogue, CNN, and Bustle. She received a bachelor’s degree from Georgetown University and master’s degree from Columbia University’s Graduate School of Journalism. She lives in New York City.	profile-images/500-_Portrait_Pictures_-HD-_-_Download_Free_Images_on_Unsplash_10-7-2022__PGzYFJz.png	Pakistan	Sargodha	com.qandeelhaider@gmail.com	com.qandeelhaider@gmail.com	com.qandeelhaider@gmail.com	1	1
\.


--
-- Data for Name: auth_group; Type: TABLE DATA; Schema: public; Owner: postgres
--

COPY public.auth_group (id, name) FROM stdin;
\.


--
-- Data for Name: auth_group_permissions; Type: TABLE DATA; Schema: public; Owner: postgres
--

COPY public.auth_group_permissions (id, group_id, permission_id) FROM stdin;
\.


--
-- Data for Name: auth_permission; Type: TABLE DATA; Schema: public; Owner: postgres
--

COPY public.auth_permission (id, name, content_type_id, codename) FROM stdin;
1	Can add log entry	1	add_logentry
2	Can change log entry	1	change_logentry
3	Can delete log entry	1	delete_logentry
4	Can view log entry	1	view_logentry
5	Can add permission	2	add_permission
6	Can change permission	2	change_permission
7	Can delete permission	2	delete_permission
8	Can view permission	2	view_permission
9	Can add group	3	add_group
10	Can change group	3	change_group
11	Can delete group	3	delete_group
12	Can view group	3	view_group
13	Can add content type	4	add_contenttype
14	Can change content type	4	change_contenttype
15	Can delete content type	4	delete_contenttype
16	Can view content type	4	view_contenttype
17	Can add session	5	add_session
18	Can change session	5	change_session
19	Can delete session	5	delete_session
20	Can view session	5	view_session
21	Can add profile	6	add_profile
22	Can change profile	6	change_profile
23	Can delete profile	6	delete_profile
24	Can view profile	6	view_profile
25	Can add request	7	add_request
26	Can change request	7	change_request
27	Can delete request	7	delete_request
28	Can view request	7	view_request
29	Can add response	8	add_response
30	Can change response	8	change_response
31	Can delete response	8	delete_response
32	Can view response	8	view_response
33	Can add sql query	9	add_sqlquery
34	Can change sql query	9	change_sqlquery
35	Can delete sql query	9	delete_sqlquery
36	Can view sql query	9	view_sqlquery
37	Can add advertise with well plus good	10	add_advertisewithwellplusgood
38	Can change advertise with well plus good	10	change_advertisewithwellplusgood
39	Can delete advertise with well plus good	10	delete_advertisewithwellplusgood
40	Can view advertise with well plus good	10	view_advertisewithwellplusgood
41	Can add contact us	11	add_contactus
42	Can change contact us	11	change_contactus
43	Can delete contact us	11	delete_contactus
44	Can view contact us	11	view_contactus
45	Can add paragraph	12	add_paragraph
46	Can change paragraph	12	change_paragraph
47	Can delete paragraph	12	delete_paragraph
48	Can view paragraph	12	view_paragraph
49	Can add privacy policy	13	add_privacypolicy
50	Can change privacy policy	13	change_privacypolicy
51	Can delete privacy policy	13	delete_privacypolicy
52	Can view privacy policy	13	view_privacypolicy
53	Can add step-by-step guide	14	add_stepbystepguide
54	Can change step-by-step guide	14	change_stepbystepguide
55	Can delete step-by-step guide	14	delete_stepbystepguide
56	Can view step-by-step guide	14	view_stepbystepguide
57	Can add role	15	add_role
58	Can change role	15	change_role
59	Can delete role	15	delete_role
60	Can view role	15	view_role
61	Can add user profile	16	add_userprofile
62	Can change user profile	16	change_userprofile
63	Can delete user profile	16	delete_userprofile
64	Can view user profile	16	view_userprofile
65	Can add user	17	add_user
66	Can change user	17	change_user
67	Can delete user	17	delete_user
68	Can view user	17	view_user
69	Can add blog paragraph	18	add_blogparagraph
70	Can change blog paragraph	18	change_blogparagraph
71	Can delete blog paragraph	18	delete_blogparagraph
72	Can view blog paragraph	18	view_blogparagraph
73	Can add blog post	19	add_blogpost
74	Can change blog post	19	change_blogpost
75	Can delete blog post	19	delete_blogpost
76	Can view blog post	19	view_blogpost
77	Can add blog post image	20	add_blogpostimage
78	Can change blog post image	20	change_blogpostimage
79	Can delete blog post image	20	delete_blogpostimage
80	Can view blog post image	20	view_blogpostimage
81	Can add category	21	add_category
82	Can change category	21	change_category
83	Can delete category	21	delete_category
84	Can view category	21	view_category
85	Can add comment	22	add_comment
86	Can change comment	22	change_comment
87	Can delete comment	22	delete_comment
88	Can view comment	22	view_comment
89	Can add topic type	23	add_topictype
90	Can change topic type	23	change_topictype
91	Can delete topic type	23	delete_topictype
92	Can view topic type	23	view_topictype
93	Can add reply	24	add_reply
94	Can change reply	24	change_reply
95	Can delete reply	24	delete_reply
96	Can view reply	24	view_reply
97	Can add step-by-step guide	25	add_blogstepbystepguide
98	Can change step-by-step guide	25	change_blogstepbystepguide
99	Can delete step-by-step guide	25	delete_blogstepbystepguide
100	Can view step-by-step guide	25	view_blogstepbystepguide
101	Can add terms and conditions	26	add_termsandconditions
102	Can change terms and conditions	26	change_termsandconditions
103	Can delete terms and conditions	26	delete_termsandconditions
104	Can view terms and conditions	26	view_termsandconditions
105	Can add clause	27	add_clause
106	Can change clause	27	change_clause
107	Can delete clause	27	delete_clause
108	Can view clause	27	view_clause
109	Can add user agreement	28	add_useragreement
110	Can change user agreement	28	change_useragreement
111	Can delete user agreement	28	delete_useragreement
112	Can view user agreement	28	view_useragreement
\.


--
-- Data for Name: blog_blogparagraph; Type: TABLE DATA; Schema: public; Owner: postgres
--

COPY public.blog_blogparagraph (id, paragraph_title, paragraph_content, "order", blog_post_id, paragraphs_self_refer_id) FROM stdin;
\.


--
-- Data for Name: blog_blogparagraph_step_by_step_guide; Type: TABLE DATA; Schema: public; Owner: postgres
--

COPY public.blog_blogparagraph_step_by_step_guide (id, blogparagraph_id, blogstepbystepguide_id) FROM stdin;
\.


--
-- Data for Name: blog_blogpostimage; Type: TABLE DATA; Schema: public; Owner: postgres
--

COPY public.blog_blogpostimage (id, images) FROM stdin;
\.


--
-- Data for Name: blog_category; Type: TABLE DATA; Schema: public; Owner: postgres
--

COPY public.blog_category (id, category_name) FROM stdin;
\.


--
-- Data for Name: blog_comment; Type: TABLE DATA; Schema: public; Owner: postgres
--

COPY public.blog_comment (id, created_date, updated_at, comment_text, author_id, post_id) FROM stdin;
\.


--
-- Data for Name: blog_posts; Type: TABLE DATA; Schema: public; Owner: postgres
--

COPY public.blog_posts (id, title, content, status, slug, cover_image, quote, quote_writer, created_at, updated_at, most_recent_posts, featured_posts, older_posts, author_id, category_id, topic_type_id) FROM stdin;
\.


--
-- Data for Name: blog_posts_paragraphs; Type: TABLE DATA; Schema: public; Owner: postgres
--

COPY public.blog_posts_paragraphs (id, blogpost_id, blogparagraph_id) FROM stdin;
\.


--
-- Data for Name: blog_posts_post_images; Type: TABLE DATA; Schema: public; Owner: postgres
--

COPY public.blog_posts_post_images (id, blogpost_id, blogpostimage_id) FROM stdin;
\.


--
-- Data for Name: blog_reply; Type: TABLE DATA; Schema: public; Owner: postgres
--

COPY public.blog_reply (id, created_at, updated_at, reply_text, author_id, comment_id_id) FROM stdin;
\.


--
-- Data for Name: blog_topictype; Type: TABLE DATA; Schema: public; Owner: postgres
--

COPY public.blog_topictype (id, topic) FROM stdin;
\.


--
-- Data for Name: contact_us; Type: TABLE DATA; Schema: public; Owner: postgres
--

COPY public.contact_us (id, title, content, created_at, updated_at, author_id) FROM stdin;
\.


--
-- Data for Name: contact_us_paragraphs; Type: TABLE DATA; Schema: public; Owner: postgres
--

COPY public.contact_us_paragraphs (id, contactus_id, paragraph_id) FROM stdin;
\.


--
-- Data for Name: django_admin_log; Type: TABLE DATA; Schema: public; Owner: postgres
--

COPY public.django_admin_log (id, action_time, object_id, object_repr, action_flag, change_message, content_type_id, user_id) FROM stdin;
1	2023-03-20 15:28:58.865101+00	1	SENIOR BEAUTY EDITOR	1	[{"added": {}}]	14	1
2	2023-03-20 15:30:09.135918+00	1	qandeel haider's Profile	1	[{"added": {}}]	15	1
3	2023-03-20 17:16:12.121022+00	2	darindahp@gmail.com	1	[{"added": {}}]	17	1
4	2023-03-20 17:17:04.420265+00	2	darindahp@gmail.com	2	[{"changed": {"fields": ["Is admin"]}}]	17	1
\.


--
-- Data for Name: django_content_type; Type: TABLE DATA; Schema: public; Owner: postgres
--

COPY public.django_content_type (id, app_label, model) FROM stdin;
1	admin	logentry
2	auth	permission
3	auth	group
4	contenttypes	contenttype
5	sessions	session
6	silk	profile
7	silk	request
8	silk	response
9	silk	sqlquery
10	ContactUs	advertisewithwellplusgood
11	ContactUs	contactus
12	ContactUs	paragraph
13	ContactUs	privacypolicy
14	ContactUs	stepbystepguide
15	UserProfile	role
16	UserProfile	userprofile
17	UserManagement	user
18	blog	blogparagraph
19	blog	blogpost
20	blog	blogpostimage
21	blog	category
22	blog	comment
23	blog	topictype
24	blog	reply
25	blog	blogstepbystepguide
26	legal	termsandconditions
27	legal	clause
28	legal	useragreement
\.


--
-- Data for Name: django_migrations; Type: TABLE DATA; Schema: public; Owner: postgres
--

COPY public.django_migrations (id, app, name, applied) FROM stdin;
1	UserManagement	0001_initial	2023-03-20 16:54:11.324537+00
2	UserProfile	0001_initial	2023-03-20 16:54:16.505452+00
3	blog	0001_initial	2023-03-20 16:54:25.103506+00
4	ContactUs	0001_initial	2023-03-20 16:54:33.299742+00
5	contenttypes	0001_initial	2023-03-20 16:54:38.046668+00
6	admin	0001_initial	2023-03-20 16:54:38.489747+00
7	admin	0002_logentry_remove_auto_add	2023-03-20 16:54:38.563708+00
8	admin	0003_logentry_add_action_flag_choices	2023-03-20 16:54:38.624961+00
9	contenttypes	0002_remove_content_type_name	2023-03-20 16:54:38.72146+00
10	auth	0001_initial	2023-03-20 16:54:40.463455+00
11	auth	0002_alter_permission_name_max_length	2023-03-20 16:54:40.549892+00
12	auth	0003_alter_user_email_max_length	2023-03-20 16:54:40.59203+00
13	auth	0004_alter_user_username_opts	2023-03-20 16:54:40.620374+00
14	auth	0005_alter_user_last_login_null	2023-03-20 16:54:40.660769+00
15	auth	0006_require_contenttypes_0002	2023-03-20 16:54:40.672347+00
16	auth	0007_alter_validators_add_error_messages	2023-03-20 16:54:40.702871+00
17	auth	0008_alter_user_username_max_length	2023-03-20 16:54:40.729718+00
18	auth	0009_alter_user_last_name_max_length	2023-03-20 16:54:40.791571+00
19	auth	0010_alter_group_name_max_length	2023-03-20 16:54:40.85876+00
20	auth	0011_update_proxy_permissions	2023-03-20 16:54:40.932+00
21	auth	0012_alter_user_first_name_max_length	2023-03-20 16:54:40.949161+00
22	sessions	0001_initial	2023-03-20 16:54:41.371987+00
23	silk	0001_initial	2023-03-20 16:54:44.269046+00
24	silk	0002_auto_update_uuid4_id_field	2023-03-20 16:54:44.323006+00
25	silk	0003_request_prof_file	2023-03-20 16:54:44.354727+00
26	silk	0004_request_prof_file_storage	2023-03-20 16:54:44.389774+00
27	silk	0005_increase_request_prof_file_length	2023-03-20 16:54:44.421954+00
28	silk	0006_fix_request_prof_file_blank	2023-03-20 16:54:44.463704+00
29	silk	0007_sqlquery_identifier	2023-03-20 16:54:44.521821+00
30	silk	0008_sqlquery_analysis	2023-03-20 16:54:44.62912+00
\.


--
-- Data for Name: django_session; Type: TABLE DATA; Schema: public; Owner: postgres
--

COPY public.django_session (session_key, session_data, expire_date) FROM stdin;
ajotuuuzze3ycf7ok6d8iv6x1f7bw75s	.eJxVjE0OwiAYBe_C2hCgJRSX7j0D4fuTqoGktCvj3bVJF7p9M_NeKuVtLWnrvKSZ1FlZdfrdIOOD6w7onuutaWx1XWbQu6IP2vW1ET8vh_t3UHIv35ohRgLK0dAgk4BhKx6JBiOTtd7IaBGdMFJ2no0HlgDGhSAWxyhOvT8jWDlH:1peH42:EYj7dycz-oJOTK27ASoEZ5oWxufFdBnB7IKDmlZLBVI	2023-04-03 15:04:46.879041+00
t7nhz01wephnhqvwc3ku10t43e7ewyfk	.eJxVjE0OwiAYBe_C2hCgJRSX7j0D4fuTqoGktCvj3bVJF7p9M_NeKuVtLWnrvKSZ1FlZdfrdIOOD6w7onuutaWx1XWbQu6IP2vW1ET8vh_t3UHIv35ohRgLK0dAgk4BhKx6JBiOTtd7IaBGdMFJ2no0HlgDGhSAWxyhOvT8jWDlH:1peIzU:EpBL5GkvLnbft7Q9A7cQbpByk6LTTe2SHreEQ4g08is	2023-04-03 17:08:12.56171+00
\.


--
-- Data for Name: legal_clause; Type: TABLE DATA; Schema: public; Owner: postgres
--

COPY public.legal_clause (id, clue_title, clue_content, "order", terms_and_conditions_id) FROM stdin;
\.


--
-- Data for Name: legal_termsandconditions; Type: TABLE DATA; Schema: public; Owner: postgres
--

COPY public.legal_termsandconditions (id, title, content, date_created, date_updated) FROM stdin;
\.


--
-- Data for Name: legal_useragreement; Type: TABLE DATA; Schema: public; Owner: postgres
--

COPY public.legal_useragreement (id, agreed_date, terms_and_conditions_id, user_id) FROM stdin;
\.


--
-- Data for Name: silk_profile; Type: TABLE DATA; Schema: public; Owner: postgres
--

COPY public.silk_profile (id, name, start_time, end_time, time_taken, file_path, line_num, end_line_num, func_name, exception_raised, dynamic, request_id) FROM stdin;
\.


--
-- Data for Name: silk_profile_queries; Type: TABLE DATA; Schema: public; Owner: postgres
--

COPY public.silk_profile_queries (id, profile_id, sqlquery_id) FROM stdin;
\.


--
-- Data for Name: silk_request; Type: TABLE DATA; Schema: public; Owner: postgres
--

COPY public.silk_request (id, path, query_params, raw_body, body, method, start_time, view_name, end_time, time_taken, encoded_headers, meta_time, meta_num_queries, meta_time_spent_queries, pyprofile, num_sql_queries, prof_file) FROM stdin;
\.


--
-- Data for Name: silk_response; Type: TABLE DATA; Schema: public; Owner: postgres
--

COPY public.silk_response (id, status_code, raw_body, body, encoded_headers, request_id) FROM stdin;
\.


--
-- Data for Name: silk_sqlquery; Type: TABLE DATA; Schema: public; Owner: postgres
--

COPY public.silk_sqlquery (id, query, start_time, end_time, time_taken, traceback, request_id, identifier, analysis) FROM stdin;
\.


--
-- Data for Name: step_by_step_guides; Type: TABLE DATA; Schema: public; Owner: postgres
--

COPY public.step_by_step_guides (id, list_style, sbs_guide_number, sub_heading, sub_content, sbs_index, blog_paragraphs_id, blog_post_id, sbs_self_refer_id) FROM stdin;
\.


--
-- Data for Name: step_by_step_guides_contact_us_specific; Type: TABLE DATA; Schema: public; Owner: postgres
--

COPY public.step_by_step_guides_contact_us_specific (id, list_style, sbs_guide_number, sub_heading, sub_content, sbs_index, blog_paragraphs_id, contact_us_id, privacy_policy_id, sbs_self_refer_id) FROM stdin;
\.


--
-- Name: Advertise-with-well-plus-good_id_seq; Type: SEQUENCE SET; Schema: public; Owner: postgres
--

SELECT pg_catalog.setval('public."Advertise-with-well-plus-good_id_seq"', 1, false);


--
-- Name: Advertise-with-well-plus-good_paragraphs_advertise_well__id_seq; Type: SEQUENCE SET; Schema: public; Owner: postgres
--

SELECT pg_catalog.setval('public."Advertise-with-well-plus-good_paragraphs_advertise_well__id_seq"', 1, false);


--
-- Name: ContactUs_paragraph_id_seq; Type: SEQUENCE SET; Schema: public; Owner: postgres
--

SELECT pg_catalog.setval('public."ContactUs_paragraph_id_seq"', 1, false);


--
-- Name: ContactUs_paragraph_step_by_step_guide_id_seq; Type: SEQUENCE SET; Schema: public; Owner: postgres
--

SELECT pg_catalog.setval('public."ContactUs_paragraph_step_by_step_guide_id_seq"', 1, false);


--
-- Name: PrivacyPolicy_id_seq; Type: SEQUENCE SET; Schema: public; Owner: postgres
--

SELECT pg_catalog.setval('public."PrivacyPolicy_id_seq"', 1, false);


--
-- Name: PrivacyPolicy_paragraphs_privacy_policy_id_seq; Type: SEQUENCE SET; Schema: public; Owner: postgres
--

SELECT pg_catalog.setval('public."PrivacyPolicy_paragraphs_privacy_policy_id_seq"', 1, false);


--
-- Name: UserManagement_user_id_seq; Type: SEQUENCE SET; Schema: public; Owner: postgres
--

SELECT pg_catalog.setval('public."UserManagement_user_id_seq"', 2, true);


--
-- Name: UserProfile_role_id_seq; Type: SEQUENCE SET; Schema: public; Owner: postgres
--

SELECT pg_catalog.setval('public."UserProfile_role_id_seq"', 1, true);


--
-- Name: UserProfile_userprofile_id_seq; Type: SEQUENCE SET; Schema: public; Owner: postgres
--

SELECT pg_catalog.setval('public."UserProfile_userprofile_id_seq"', 1, true);


--
-- Name: auth_group_id_seq; Type: SEQUENCE SET; Schema: public; Owner: postgres
--

SELECT pg_catalog.setval('public.auth_group_id_seq', 1, false);


--
-- Name: auth_group_permissions_id_seq; Type: SEQUENCE SET; Schema: public; Owner: postgres
--

SELECT pg_catalog.setval('public.auth_group_permissions_id_seq', 1, false);


--
-- Name: auth_permission_id_seq; Type: SEQUENCE SET; Schema: public; Owner: postgres
--

SELECT pg_catalog.setval('public.auth_permission_id_seq', 112, true);


--
-- Name: blog_blogparagraph_id_seq; Type: SEQUENCE SET; Schema: public; Owner: postgres
--

SELECT pg_catalog.setval('public.blog_blogparagraph_id_seq', 1, false);


--
-- Name: blog_blogparagraph_step_by_step_guide_id_seq; Type: SEQUENCE SET; Schema: public; Owner: postgres
--

SELECT pg_catalog.setval('public.blog_blogparagraph_step_by_step_guide_id_seq', 1, false);


--
-- Name: blog_blogpostimage_id_seq; Type: SEQUENCE SET; Schema: public; Owner: postgres
--

SELECT pg_catalog.setval('public.blog_blogpostimage_id_seq', 1, false);


--
-- Name: blog_category_id_seq; Type: SEQUENCE SET; Schema: public; Owner: postgres
--

SELECT pg_catalog.setval('public.blog_category_id_seq', 1, false);


--
-- Name: blog_comment_id_seq; Type: SEQUENCE SET; Schema: public; Owner: postgres
--

SELECT pg_catalog.setval('public.blog_comment_id_seq', 1, false);


--
-- Name: blog_posts_id_seq; Type: SEQUENCE SET; Schema: public; Owner: postgres
--

SELECT pg_catalog.setval('public.blog_posts_id_seq', 1, false);


--
-- Name: blog_posts_paragraphs_id_seq; Type: SEQUENCE SET; Schema: public; Owner: postgres
--

SELECT pg_catalog.setval('public.blog_posts_paragraphs_id_seq', 1, false);


--
-- Name: blog_posts_post_images_id_seq; Type: SEQUENCE SET; Schema: public; Owner: postgres
--

SELECT pg_catalog.setval('public.blog_posts_post_images_id_seq', 1, false);


--
-- Name: blog_reply_id_seq; Type: SEQUENCE SET; Schema: public; Owner: postgres
--

SELECT pg_catalog.setval('public.blog_reply_id_seq', 1, false);


--
-- Name: blog_topictype_id_seq; Type: SEQUENCE SET; Schema: public; Owner: postgres
--

SELECT pg_catalog.setval('public.blog_topictype_id_seq', 1, false);


--
-- Name: contact_us_id_seq; Type: SEQUENCE SET; Schema: public; Owner: postgres
--

SELECT pg_catalog.setval('public.contact_us_id_seq', 1, false);


--
-- Name: contact_us_paragraphs_id_seq; Type: SEQUENCE SET; Schema: public; Owner: postgres
--

SELECT pg_catalog.setval('public.contact_us_paragraphs_id_seq', 1, false);


--
-- Name: django_admin_log_id_seq; Type: SEQUENCE SET; Schema: public; Owner: postgres
--

SELECT pg_catalog.setval('public.django_admin_log_id_seq', 4, true);


--
-- Name: django_content_type_id_seq; Type: SEQUENCE SET; Schema: public; Owner: postgres
--

SELECT pg_catalog.setval('public.django_content_type_id_seq', 28, true);


--
-- Name: django_migrations_id_seq; Type: SEQUENCE SET; Schema: public; Owner: postgres
--

SELECT pg_catalog.setval('public.django_migrations_id_seq', 35, true);


--
-- Name: legal_clause_id_seq; Type: SEQUENCE SET; Schema: public; Owner: postgres
--

SELECT pg_catalog.setval('public.legal_clause_id_seq', 1, false);


--
-- Name: legal_termsandconditions_id_seq; Type: SEQUENCE SET; Schema: public; Owner: postgres
--

SELECT pg_catalog.setval('public.legal_termsandconditions_id_seq', 1, false);


--
-- Name: legal_useragreement_id_seq; Type: SEQUENCE SET; Schema: public; Owner: postgres
--

SELECT pg_catalog.setval('public.legal_useragreement_id_seq', 1, false);


--
-- Name: silk_profile_id_seq; Type: SEQUENCE SET; Schema: public; Owner: postgres
--

SELECT pg_catalog.setval('public.silk_profile_id_seq', 1, false);


--
-- Name: silk_profile_queries_id_seq; Type: SEQUENCE SET; Schema: public; Owner: postgres
--

SELECT pg_catalog.setval('public.silk_profile_queries_id_seq', 1, false);


--
-- Name: silk_sqlquery_id_seq; Type: SEQUENCE SET; Schema: public; Owner: postgres
--

SELECT pg_catalog.setval('public.silk_sqlquery_id_seq', 1, false);


--
-- Name: step_by_step_guides_contact_us_specific_id_seq; Type: SEQUENCE SET; Schema: public; Owner: postgres
--

SELECT pg_catalog.setval('public.step_by_step_guides_contact_us_specific_id_seq', 1, false);


--
-- Name: step_by_step_guides_id_seq; Type: SEQUENCE SET; Schema: public; Owner: postgres
--

SELECT pg_catalog.setval('public.step_by_step_guides_id_seq', 1, false);


--
-- Name: Advertise-with-well-plus-good_paragraphs_advertise_well_good Advertise-with-well-plus-good_paragraphs_advertise_well_go_pkey; Type: CONSTRAINT; Schema: public; Owner: postgres
--

ALTER TABLE ONLY public."Advertise-with-well-plus-good_paragraphs_advertise_well_good"
    ADD CONSTRAINT "Advertise-with-well-plus-good_paragraphs_advertise_well_go_pkey" PRIMARY KEY (id);


--
-- Name: Advertise-with-well-plus-good Advertise-with-well-plus-good_pkey; Type: CONSTRAINT; Schema: public; Owner: postgres
--

ALTER TABLE ONLY public."Advertise-with-well-plus-good"
    ADD CONSTRAINT "Advertise-with-well-plus-good_pkey" PRIMARY KEY (id);


--
-- Name: Advertise-with-well-plus-good_paragraphs_advertise_well_good Advertise-with-well-plus_advertisewithwellplusgoo_0035f0f5_uniq; Type: CONSTRAINT; Schema: public; Owner: postgres
--

ALTER TABLE ONLY public."Advertise-with-well-plus-good_paragraphs_advertise_well_good"
    ADD CONSTRAINT "Advertise-with-well-plus_advertisewithwellplusgoo_0035f0f5_uniq" UNIQUE (advertisewithwellplusgood_id, paragraph_id);


--
-- Name: ContactUs_paragraph ContactUs_paragraph_pkey; Type: CONSTRAINT; Schema: public; Owner: postgres
--

ALTER TABLE ONLY public."ContactUs_paragraph"
    ADD CONSTRAINT "ContactUs_paragraph_pkey" PRIMARY KEY (id);


--
-- Name: ContactUs_paragraph_step_by_step_guide ContactUs_paragraph_step_by_step_guide_pkey; Type: CONSTRAINT; Schema: public; Owner: postgres
--

ALTER TABLE ONLY public."ContactUs_paragraph_step_by_step_guide"
    ADD CONSTRAINT "ContactUs_paragraph_step_by_step_guide_pkey" PRIMARY KEY (id);


--
-- Name: ContactUs_paragraph_step_by_step_guide ContactUs_paragraph_step_paragraph_id_stepbystepg_316b4871_uniq; Type: CONSTRAINT; Schema: public; Owner: postgres
--

ALTER TABLE ONLY public."ContactUs_paragraph_step_by_step_guide"
    ADD CONSTRAINT "ContactUs_paragraph_step_paragraph_id_stepbystepg_316b4871_uniq" UNIQUE (paragraph_id, stepbystepguide_id);


--
-- Name: PrivacyPolicy_paragraphs_privacy_policy PrivacyPolicy_paragraphs_privacy_policy_pkey; Type: CONSTRAINT; Schema: public; Owner: postgres
--

ALTER TABLE ONLY public."PrivacyPolicy_paragraphs_privacy_policy"
    ADD CONSTRAINT "PrivacyPolicy_paragraphs_privacy_policy_pkey" PRIMARY KEY (id);


--
-- Name: PrivacyPolicy_paragraphs_privacy_policy PrivacyPolicy_paragraphs_privacypolicy_id_paragra_012f2caa_uniq; Type: CONSTRAINT; Schema: public; Owner: postgres
--

ALTER TABLE ONLY public."PrivacyPolicy_paragraphs_privacy_policy"
    ADD CONSTRAINT "PrivacyPolicy_paragraphs_privacypolicy_id_paragra_012f2caa_uniq" UNIQUE (privacypolicy_id, paragraph_id);


--
-- Name: PrivacyPolicy PrivacyPolicy_pkey; Type: CONSTRAINT; Schema: public; Owner: postgres
--

ALTER TABLE ONLY public."PrivacyPolicy"
    ADD CONSTRAINT "PrivacyPolicy_pkey" PRIMARY KEY (id);


--
-- Name: UserManagement_user UserManagement_user_email_key; Type: CONSTRAINT; Schema: public; Owner: postgres
--

ALTER TABLE ONLY public."UserManagement_user"
    ADD CONSTRAINT "UserManagement_user_email_key" UNIQUE (email);


--
-- Name: UserManagement_user UserManagement_user_pkey; Type: CONSTRAINT; Schema: public; Owner: postgres
--

ALTER TABLE ONLY public."UserManagement_user"
    ADD CONSTRAINT "UserManagement_user_pkey" PRIMARY KEY (id);


--
-- Name: UserProfile_role UserProfile_role_pkey; Type: CONSTRAINT; Schema: public; Owner: postgres
--

ALTER TABLE ONLY public."UserProfile_role"
    ADD CONSTRAINT "UserProfile_role_pkey" PRIMARY KEY (id);


--
-- Name: UserProfile_userprofile UserProfile_userprofile_pkey; Type: CONSTRAINT; Schema: public; Owner: postgres
--

ALTER TABLE ONLY public."UserProfile_userprofile"
    ADD CONSTRAINT "UserProfile_userprofile_pkey" PRIMARY KEY (id);


--
-- Name: auth_group auth_group_name_key; Type: CONSTRAINT; Schema: public; Owner: postgres
--

ALTER TABLE ONLY public.auth_group
    ADD CONSTRAINT auth_group_name_key UNIQUE (name);


--
-- Name: auth_group_permissions auth_group_permissions_group_id_permission_id_0cd325b0_uniq; Type: CONSTRAINT; Schema: public; Owner: postgres
--

ALTER TABLE ONLY public.auth_group_permissions
    ADD CONSTRAINT auth_group_permissions_group_id_permission_id_0cd325b0_uniq UNIQUE (group_id, permission_id);


--
-- Name: auth_group_permissions auth_group_permissions_pkey; Type: CONSTRAINT; Schema: public; Owner: postgres
--

ALTER TABLE ONLY public.auth_group_permissions
    ADD CONSTRAINT auth_group_permissions_pkey PRIMARY KEY (id);


--
-- Name: auth_group auth_group_pkey; Type: CONSTRAINT; Schema: public; Owner: postgres
--

ALTER TABLE ONLY public.auth_group
    ADD CONSTRAINT auth_group_pkey PRIMARY KEY (id);


--
-- Name: auth_permission auth_permission_content_type_id_codename_01ab375a_uniq; Type: CONSTRAINT; Schema: public; Owner: postgres
--

ALTER TABLE ONLY public.auth_permission
    ADD CONSTRAINT auth_permission_content_type_id_codename_01ab375a_uniq UNIQUE (content_type_id, codename);


--
-- Name: auth_permission auth_permission_pkey; Type: CONSTRAINT; Schema: public; Owner: postgres
--

ALTER TABLE ONLY public.auth_permission
    ADD CONSTRAINT auth_permission_pkey PRIMARY KEY (id);


--
-- Name: blog_blogparagraph blog_blogparagraph_pkey; Type: CONSTRAINT; Schema: public; Owner: postgres
--

ALTER TABLE ONLY public.blog_blogparagraph
    ADD CONSTRAINT blog_blogparagraph_pkey PRIMARY KEY (id);


--
-- Name: blog_blogparagraph_step_by_step_guide blog_blogparagraph_step__blogparagraph_id_blogste_a1c9acad_uniq; Type: CONSTRAINT; Schema: public; Owner: postgres
--

ALTER TABLE ONLY public.blog_blogparagraph_step_by_step_guide
    ADD CONSTRAINT blog_blogparagraph_step__blogparagraph_id_blogste_a1c9acad_uniq UNIQUE (blogparagraph_id, blogstepbystepguide_id);


--
-- Name: blog_blogparagraph_step_by_step_guide blog_blogparagraph_step_by_step_guide_pkey; Type: CONSTRAINT; Schema: public; Owner: postgres
--

ALTER TABLE ONLY public.blog_blogparagraph_step_by_step_guide
    ADD CONSTRAINT blog_blogparagraph_step_by_step_guide_pkey PRIMARY KEY (id);


--
-- Name: blog_blogpostimage blog_blogpostimage_pkey; Type: CONSTRAINT; Schema: public; Owner: postgres
--

ALTER TABLE ONLY public.blog_blogpostimage
    ADD CONSTRAINT blog_blogpostimage_pkey PRIMARY KEY (id);


--
-- Name: blog_category blog_category_pkey; Type: CONSTRAINT; Schema: public; Owner: postgres
--

ALTER TABLE ONLY public.blog_category
    ADD CONSTRAINT blog_category_pkey PRIMARY KEY (id);


--
-- Name: blog_comment blog_comment_pkey; Type: CONSTRAINT; Schema: public; Owner: postgres
--

ALTER TABLE ONLY public.blog_comment
    ADD CONSTRAINT blog_comment_pkey PRIMARY KEY (id);


--
-- Name: blog_posts_paragraphs blog_posts_paragraphs_blogpost_id_blogparagrap_293720d1_uniq; Type: CONSTRAINT; Schema: public; Owner: postgres
--

ALTER TABLE ONLY public.blog_posts_paragraphs
    ADD CONSTRAINT blog_posts_paragraphs_blogpost_id_blogparagrap_293720d1_uniq UNIQUE (blogpost_id, blogparagraph_id);


--
-- Name: blog_posts_paragraphs blog_posts_paragraphs_pkey; Type: CONSTRAINT; Schema: public; Owner: postgres
--

ALTER TABLE ONLY public.blog_posts_paragraphs
    ADD CONSTRAINT blog_posts_paragraphs_pkey PRIMARY KEY (id);


--
-- Name: blog_posts blog_posts_pkey; Type: CONSTRAINT; Schema: public; Owner: postgres
--

ALTER TABLE ONLY public.blog_posts
    ADD CONSTRAINT blog_posts_pkey PRIMARY KEY (id);


--
-- Name: blog_posts_post_images blog_posts_post_images_blogpost_id_blogpostimag_ee4f6bc8_uniq; Type: CONSTRAINT; Schema: public; Owner: postgres
--

ALTER TABLE ONLY public.blog_posts_post_images
    ADD CONSTRAINT blog_posts_post_images_blogpost_id_blogpostimag_ee4f6bc8_uniq UNIQUE (blogpost_id, blogpostimage_id);


--
-- Name: blog_posts_post_images blog_posts_post_images_pkey; Type: CONSTRAINT; Schema: public; Owner: postgres
--

ALTER TABLE ONLY public.blog_posts_post_images
    ADD CONSTRAINT blog_posts_post_images_pkey PRIMARY KEY (id);


--
-- Name: blog_posts blog_posts_slug_key; Type: CONSTRAINT; Schema: public; Owner: postgres
--

ALTER TABLE ONLY public.blog_posts
    ADD CONSTRAINT blog_posts_slug_key UNIQUE (slug);


--
-- Name: blog_reply blog_reply_pkey; Type: CONSTRAINT; Schema: public; Owner: postgres
--

ALTER TABLE ONLY public.blog_reply
    ADD CONSTRAINT blog_reply_pkey PRIMARY KEY (id);


--
-- Name: blog_topictype blog_topictype_pkey; Type: CONSTRAINT; Schema: public; Owner: postgres
--

ALTER TABLE ONLY public.blog_topictype
    ADD CONSTRAINT blog_topictype_pkey PRIMARY KEY (id);


--
-- Name: contact_us_paragraphs contact_us_paragraphs_contactus_id_paragraph_id_9871ed5d_uniq; Type: CONSTRAINT; Schema: public; Owner: postgres
--

ALTER TABLE ONLY public.contact_us_paragraphs
    ADD CONSTRAINT contact_us_paragraphs_contactus_id_paragraph_id_9871ed5d_uniq UNIQUE (contactus_id, paragraph_id);


--
-- Name: contact_us_paragraphs contact_us_paragraphs_pkey; Type: CONSTRAINT; Schema: public; Owner: postgres
--

ALTER TABLE ONLY public.contact_us_paragraphs
    ADD CONSTRAINT contact_us_paragraphs_pkey PRIMARY KEY (id);


--
-- Name: contact_us contact_us_pkey; Type: CONSTRAINT; Schema: public; Owner: postgres
--

ALTER TABLE ONLY public.contact_us
    ADD CONSTRAINT contact_us_pkey PRIMARY KEY (id);


--
-- Name: django_admin_log django_admin_log_pkey; Type: CONSTRAINT; Schema: public; Owner: postgres
--

ALTER TABLE ONLY public.django_admin_log
    ADD CONSTRAINT django_admin_log_pkey PRIMARY KEY (id);


--
-- Name: django_content_type django_content_type_app_label_model_76bd3d3b_uniq; Type: CONSTRAINT; Schema: public; Owner: postgres
--

ALTER TABLE ONLY public.django_content_type
    ADD CONSTRAINT django_content_type_app_label_model_76bd3d3b_uniq UNIQUE (app_label, model);


--
-- Name: django_content_type django_content_type_pkey; Type: CONSTRAINT; Schema: public; Owner: postgres
--

ALTER TABLE ONLY public.django_content_type
    ADD CONSTRAINT django_content_type_pkey PRIMARY KEY (id);


--
-- Name: django_migrations django_migrations_pkey; Type: CONSTRAINT; Schema: public; Owner: postgres
--

ALTER TABLE ONLY public.django_migrations
    ADD CONSTRAINT django_migrations_pkey PRIMARY KEY (id);


--
-- Name: django_session django_session_pkey; Type: CONSTRAINT; Schema: public; Owner: postgres
--

ALTER TABLE ONLY public.django_session
    ADD CONSTRAINT django_session_pkey PRIMARY KEY (session_key);


--
-- Name: legal_clause legal_clause_pkey; Type: CONSTRAINT; Schema: public; Owner: postgres
--

ALTER TABLE ONLY public.legal_clause
    ADD CONSTRAINT legal_clause_pkey PRIMARY KEY (id);


--
-- Name: legal_termsandconditions legal_termsandconditions_pkey; Type: CONSTRAINT; Schema: public; Owner: postgres
--

ALTER TABLE ONLY public.legal_termsandconditions
    ADD CONSTRAINT legal_termsandconditions_pkey PRIMARY KEY (id);


--
-- Name: legal_useragreement legal_useragreement_pkey; Type: CONSTRAINT; Schema: public; Owner: postgres
--

ALTER TABLE ONLY public.legal_useragreement
    ADD CONSTRAINT legal_useragreement_pkey PRIMARY KEY (id);


--
-- Name: silk_profile silk_profile_pkey; Type: CONSTRAINT; Schema: public; Owner: postgres
--

ALTER TABLE ONLY public.silk_profile
    ADD CONSTRAINT silk_profile_pkey PRIMARY KEY (id);


--
-- Name: silk_profile_queries silk_profile_queries_pkey; Type: CONSTRAINT; Schema: public; Owner: postgres
--

ALTER TABLE ONLY public.silk_profile_queries
    ADD CONSTRAINT silk_profile_queries_pkey PRIMARY KEY (id);


--
-- Name: silk_profile_queries silk_profile_queries_profile_id_sqlquery_id_b2403d9b_uniq; Type: CONSTRAINT; Schema: public; Owner: postgres
--

ALTER TABLE ONLY public.silk_profile_queries
    ADD CONSTRAINT silk_profile_queries_profile_id_sqlquery_id_b2403d9b_uniq UNIQUE (profile_id, sqlquery_id);


--
-- Name: silk_request silk_request_pkey; Type: CONSTRAINT; Schema: public; Owner: postgres
--

ALTER TABLE ONLY public.silk_request
    ADD CONSTRAINT silk_request_pkey PRIMARY KEY (id);


--
-- Name: silk_response silk_response_pkey; Type: CONSTRAINT; Schema: public; Owner: postgres
--

ALTER TABLE ONLY public.silk_response
    ADD CONSTRAINT silk_response_pkey PRIMARY KEY (id);


--
-- Name: silk_response silk_response_request_id_key; Type: CONSTRAINT; Schema: public; Owner: postgres
--

ALTER TABLE ONLY public.silk_response
    ADD CONSTRAINT silk_response_request_id_key UNIQUE (request_id);


--
-- Name: silk_sqlquery silk_sqlquery_pkey; Type: CONSTRAINT; Schema: public; Owner: postgres
--

ALTER TABLE ONLY public.silk_sqlquery
    ADD CONSTRAINT silk_sqlquery_pkey PRIMARY KEY (id);


--
-- Name: step_by_step_guides_contact_us_specific step_by_step_guides_contact_us_specific_pkey; Type: CONSTRAINT; Schema: public; Owner: postgres
--

ALTER TABLE ONLY public.step_by_step_guides_contact_us_specific
    ADD CONSTRAINT step_by_step_guides_contact_us_specific_pkey PRIMARY KEY (id);


--
-- Name: step_by_step_guides step_by_step_guides_pkey; Type: CONSTRAINT; Schema: public; Owner: postgres
--

ALTER TABLE ONLY public.step_by_step_guides
    ADD CONSTRAINT step_by_step_guides_pkey PRIMARY KEY (id);


--
-- Name: Advertise-with-well-plus-g_advertisewithwellplusgood__acb0181f; Type: INDEX; Schema: public; Owner: postgres
--

CREATE INDEX "Advertise-with-well-plus-g_advertisewithwellplusgood__acb0181f" ON public."Advertise-with-well-plus-good_paragraphs_advertise_well_good" USING btree (advertisewithwellplusgood_id);


--
-- Name: Advertise-with-well-plus-g_author_advertise_well_good_1d6b4089; Type: INDEX; Schema: public; Owner: postgres
--

CREATE INDEX "Advertise-with-well-plus-g_author_advertise_well_good_1d6b4089" ON public."Advertise-with-well-plus-good" USING btree (author_advertise_well_good_id);


--
-- Name: Advertise-with-well-plus-g_paragraph_id_b73260b6; Type: INDEX; Schema: public; Owner: postgres
--

CREATE INDEX "Advertise-with-well-plus-g_paragraph_id_b73260b6" ON public."Advertise-with-well-plus-good_paragraphs_advertise_well_good" USING btree (paragraph_id);


--
-- Name: ContactUs_paragraph_advertise_with_us_id_831f2a83; Type: INDEX; Schema: public; Owner: postgres
--

CREATE INDEX "ContactUs_paragraph_advertise_with_us_id_831f2a83" ON public."ContactUs_paragraph" USING btree (advertise_with_us_id);


--
-- Name: ContactUs_paragraph_contact_us_id_ebbe2d78; Type: INDEX; Schema: public; Owner: postgres
--

CREATE INDEX "ContactUs_paragraph_contact_us_id_ebbe2d78" ON public."ContactUs_paragraph" USING btree (contact_us_id);


--
-- Name: ContactUs_paragraph_step_b_stepbystepguide_id_58b10e85; Type: INDEX; Schema: public; Owner: postgres
--

CREATE INDEX "ContactUs_paragraph_step_b_stepbystepguide_id_58b10e85" ON public."ContactUs_paragraph_step_by_step_guide" USING btree (stepbystepguide_id);


--
-- Name: ContactUs_paragraph_step_by_step_guide_paragraph_id_311e4cfa; Type: INDEX; Schema: public; Owner: postgres
--

CREATE INDEX "ContactUs_paragraph_step_by_step_guide_paragraph_id_311e4cfa" ON public."ContactUs_paragraph_step_by_step_guide" USING btree (paragraph_id);


--
-- Name: PrivacyPolicy_author_privacy_policy_id_4095f766; Type: INDEX; Schema: public; Owner: postgres
--

CREATE INDEX "PrivacyPolicy_author_privacy_policy_id_4095f766" ON public."PrivacyPolicy" USING btree (author_privacy_policy_id);


--
-- Name: PrivacyPolicy_paragraphs_p_privacypolicy_id_f81daa91; Type: INDEX; Schema: public; Owner: postgres
--

CREATE INDEX "PrivacyPolicy_paragraphs_p_privacypolicy_id_f81daa91" ON public."PrivacyPolicy_paragraphs_privacy_policy" USING btree (privacypolicy_id);


--
-- Name: PrivacyPolicy_paragraphs_privacy_policy_paragraph_id_7fc7e3a9; Type: INDEX; Schema: public; Owner: postgres
--

CREATE INDEX "PrivacyPolicy_paragraphs_privacy_policy_paragraph_id_7fc7e3a9" ON public."PrivacyPolicy_paragraphs_privacy_policy" USING btree (paragraph_id);


--
-- Name: UserManagement_user_email_6674a52f_like; Type: INDEX; Schema: public; Owner: postgres
--

CREATE INDEX "UserManagement_user_email_6674a52f_like" ON public."UserManagement_user" USING btree (email varchar_pattern_ops);


--
-- Name: UserProfile_userprofile_role_id_78ffcdd4; Type: INDEX; Schema: public; Owner: postgres
--

CREATE INDEX "UserProfile_userprofile_role_id_78ffcdd4" ON public."UserProfile_userprofile" USING btree (role_id);


--
-- Name: UserProfile_userprofile_user_id_28edbd3a; Type: INDEX; Schema: public; Owner: postgres
--

CREATE INDEX "UserProfile_userprofile_user_id_28edbd3a" ON public."UserProfile_userprofile" USING btree (user_id);


--
-- Name: auth_group_name_a6ea08ec_like; Type: INDEX; Schema: public; Owner: postgres
--

CREATE INDEX auth_group_name_a6ea08ec_like ON public.auth_group USING btree (name varchar_pattern_ops);


--
-- Name: auth_group_permissions_group_id_b120cbf9; Type: INDEX; Schema: public; Owner: postgres
--

CREATE INDEX auth_group_permissions_group_id_b120cbf9 ON public.auth_group_permissions USING btree (group_id);


--
-- Name: auth_group_permissions_permission_id_84c5c92e; Type: INDEX; Schema: public; Owner: postgres
--

CREATE INDEX auth_group_permissions_permission_id_84c5c92e ON public.auth_group_permissions USING btree (permission_id);


--
-- Name: auth_permission_content_type_id_2f476e4b; Type: INDEX; Schema: public; Owner: postgres
--

CREATE INDEX auth_permission_content_type_id_2f476e4b ON public.auth_permission USING btree (content_type_id);


--
-- Name: blog_blogparagraph_blog_post_id_eeb81534; Type: INDEX; Schema: public; Owner: postgres
--

CREATE INDEX blog_blogparagraph_blog_post_id_eeb81534 ON public.blog_blogparagraph USING btree (blog_post_id);


--
-- Name: blog_blogparagraph_paragraphs_self_refer_id_46301407; Type: INDEX; Schema: public; Owner: postgres
--

CREATE INDEX blog_blogparagraph_paragraphs_self_refer_id_46301407 ON public.blog_blogparagraph USING btree (paragraphs_self_refer_id);


--
-- Name: blog_blogparagraph_step_by_blogstepbystepguide_id_62ef3a47; Type: INDEX; Schema: public; Owner: postgres
--

CREATE INDEX blog_blogparagraph_step_by_blogstepbystepguide_id_62ef3a47 ON public.blog_blogparagraph_step_by_step_guide USING btree (blogstepbystepguide_id);


--
-- Name: blog_blogparagraph_step_by_step_guide_blogparagraph_id_726fe9db; Type: INDEX; Schema: public; Owner: postgres
--

CREATE INDEX blog_blogparagraph_step_by_step_guide_blogparagraph_id_726fe9db ON public.blog_blogparagraph_step_by_step_guide USING btree (blogparagraph_id);


--
-- Name: blog_comment_author_id_4f11e2e0; Type: INDEX; Schema: public; Owner: postgres
--

CREATE INDEX blog_comment_author_id_4f11e2e0 ON public.blog_comment USING btree (author_id);


--
-- Name: blog_comment_post_id_580e96ef; Type: INDEX; Schema: public; Owner: postgres
--

CREATE INDEX blog_comment_post_id_580e96ef ON public.blog_comment USING btree (post_id);


--
-- Name: blog_posts_author_id_6f561d00; Type: INDEX; Schema: public; Owner: postgres
--

CREATE INDEX blog_posts_author_id_6f561d00 ON public.blog_posts USING btree (author_id);


--
-- Name: blog_posts_category_id_4316690d; Type: INDEX; Schema: public; Owner: postgres
--

CREATE INDEX blog_posts_category_id_4316690d ON public.blog_posts USING btree (category_id);


--
-- Name: blog_posts_paragraphs_blogparagraph_id_b41e2b18; Type: INDEX; Schema: public; Owner: postgres
--

CREATE INDEX blog_posts_paragraphs_blogparagraph_id_b41e2b18 ON public.blog_posts_paragraphs USING btree (blogparagraph_id);


--
-- Name: blog_posts_paragraphs_blogpost_id_c2fc2394; Type: INDEX; Schema: public; Owner: postgres
--

CREATE INDEX blog_posts_paragraphs_blogpost_id_c2fc2394 ON public.blog_posts_paragraphs USING btree (blogpost_id);


--
-- Name: blog_posts_post_images_blogpost_id_2c233c46; Type: INDEX; Schema: public; Owner: postgres
--

CREATE INDEX blog_posts_post_images_blogpost_id_2c233c46 ON public.blog_posts_post_images USING btree (blogpost_id);


--
-- Name: blog_posts_post_images_blogpostimage_id_08331e5c; Type: INDEX; Schema: public; Owner: postgres
--

CREATE INDEX blog_posts_post_images_blogpostimage_id_08331e5c ON public.blog_posts_post_images USING btree (blogpostimage_id);


--
-- Name: blog_posts_slug_93227477_like; Type: INDEX; Schema: public; Owner: postgres
--

CREATE INDEX blog_posts_slug_93227477_like ON public.blog_posts USING btree (slug varchar_pattern_ops);


--
-- Name: blog_posts_topic_type_id_685a025e; Type: INDEX; Schema: public; Owner: postgres
--

CREATE INDEX blog_posts_topic_type_id_685a025e ON public.blog_posts USING btree (topic_type_id);


--
-- Name: blog_reply_author_id_7641dac7; Type: INDEX; Schema: public; Owner: postgres
--

CREATE INDEX blog_reply_author_id_7641dac7 ON public.blog_reply USING btree (author_id);


--
-- Name: blog_reply_comment_id_id_4d0f35cc; Type: INDEX; Schema: public; Owner: postgres
--

CREATE INDEX blog_reply_comment_id_id_4d0f35cc ON public.blog_reply USING btree (comment_id_id);


--
-- Name: contact_us_author_id_3da91a74; Type: INDEX; Schema: public; Owner: postgres
--

CREATE INDEX contact_us_author_id_3da91a74 ON public.contact_us USING btree (author_id);


--
-- Name: contact_us_paragraphs_contactus_id_9f9cdc14; Type: INDEX; Schema: public; Owner: postgres
--

CREATE INDEX contact_us_paragraphs_contactus_id_9f9cdc14 ON public.contact_us_paragraphs USING btree (contactus_id);


--
-- Name: contact_us_paragraphs_paragraph_id_e28b4597; Type: INDEX; Schema: public; Owner: postgres
--

CREATE INDEX contact_us_paragraphs_paragraph_id_e28b4597 ON public.contact_us_paragraphs USING btree (paragraph_id);


--
-- Name: django_admin_log_content_type_id_c4bce8eb; Type: INDEX; Schema: public; Owner: postgres
--

CREATE INDEX django_admin_log_content_type_id_c4bce8eb ON public.django_admin_log USING btree (content_type_id);


--
-- Name: django_admin_log_user_id_c564eba6; Type: INDEX; Schema: public; Owner: postgres
--

CREATE INDEX django_admin_log_user_id_c564eba6 ON public.django_admin_log USING btree (user_id);


--
-- Name: django_session_expire_date_a5c62663; Type: INDEX; Schema: public; Owner: postgres
--

CREATE INDEX django_session_expire_date_a5c62663 ON public.django_session USING btree (expire_date);


--
-- Name: django_session_session_key_c0390e0f_like; Type: INDEX; Schema: public; Owner: postgres
--

CREATE INDEX django_session_session_key_c0390e0f_like ON public.django_session USING btree (session_key varchar_pattern_ops);


--
-- Name: legal_clause_terms_and_conditions_id_b6d04351; Type: INDEX; Schema: public; Owner: postgres
--

CREATE INDEX legal_clause_terms_and_conditions_id_b6d04351 ON public.legal_clause USING btree (terms_and_conditions_id);


--
-- Name: legal_useragreement_terms_and_conditions_id_516ae9e2; Type: INDEX; Schema: public; Owner: postgres
--

CREATE INDEX legal_useragreement_terms_and_conditions_id_516ae9e2 ON public.legal_useragreement USING btree (terms_and_conditions_id);


--
-- Name: legal_useragreement_user_id_f4497ea0; Type: INDEX; Schema: public; Owner: postgres
--

CREATE INDEX legal_useragreement_user_id_f4497ea0 ON public.legal_useragreement USING btree (user_id);


--
-- Name: silk_profile_queries_profile_id_a3d76db8; Type: INDEX; Schema: public; Owner: postgres
--

CREATE INDEX silk_profile_queries_profile_id_a3d76db8 ON public.silk_profile_queries USING btree (profile_id);


--
-- Name: silk_profile_queries_sqlquery_id_155df455; Type: INDEX; Schema: public; Owner: postgres
--

CREATE INDEX silk_profile_queries_sqlquery_id_155df455 ON public.silk_profile_queries USING btree (sqlquery_id);


--
-- Name: silk_profile_request_id_7b81bd69; Type: INDEX; Schema: public; Owner: postgres
--

CREATE INDEX silk_profile_request_id_7b81bd69 ON public.silk_profile USING btree (request_id);


--
-- Name: silk_profile_request_id_7b81bd69_like; Type: INDEX; Schema: public; Owner: postgres
--

CREATE INDEX silk_profile_request_id_7b81bd69_like ON public.silk_profile USING btree (request_id varchar_pattern_ops);


--
-- Name: silk_request_id_5a356c4f_like; Type: INDEX; Schema: public; Owner: postgres
--

CREATE INDEX silk_request_id_5a356c4f_like ON public.silk_request USING btree (id varchar_pattern_ops);


--
-- Name: silk_request_path_9f3d798e; Type: INDEX; Schema: public; Owner: postgres
--

CREATE INDEX silk_request_path_9f3d798e ON public.silk_request USING btree (path);


--
-- Name: silk_request_path_9f3d798e_like; Type: INDEX; Schema: public; Owner: postgres
--

CREATE INDEX silk_request_path_9f3d798e_like ON public.silk_request USING btree (path varchar_pattern_ops);


--
-- Name: silk_request_start_time_1300bc58; Type: INDEX; Schema: public; Owner: postgres
--

CREATE INDEX silk_request_start_time_1300bc58 ON public.silk_request USING btree (start_time);


--
-- Name: silk_request_view_name_68559f7b; Type: INDEX; Schema: public; Owner: postgres
--

CREATE INDEX silk_request_view_name_68559f7b ON public.silk_request USING btree (view_name);


--
-- Name: silk_request_view_name_68559f7b_like; Type: INDEX; Schema: public; Owner: postgres
--

CREATE INDEX silk_request_view_name_68559f7b_like ON public.silk_request USING btree (view_name varchar_pattern_ops);


--
-- Name: silk_response_id_dda88710_like; Type: INDEX; Schema: public; Owner: postgres
--

CREATE INDEX silk_response_id_dda88710_like ON public.silk_response USING btree (id varchar_pattern_ops);


--
-- Name: silk_response_request_id_1e8e2776_like; Type: INDEX; Schema: public; Owner: postgres
--

CREATE INDEX silk_response_request_id_1e8e2776_like ON public.silk_response USING btree (request_id varchar_pattern_ops);


--
-- Name: silk_sqlquery_request_id_6f8f0527; Type: INDEX; Schema: public; Owner: postgres
--

CREATE INDEX silk_sqlquery_request_id_6f8f0527 ON public.silk_sqlquery USING btree (request_id);


--
-- Name: silk_sqlquery_request_id_6f8f0527_like; Type: INDEX; Schema: public; Owner: postgres
--

CREATE INDEX silk_sqlquery_request_id_6f8f0527_like ON public.silk_sqlquery USING btree (request_id varchar_pattern_ops);


--
-- Name: step_by_step_guides_blog_paragraphs_id_a2568528; Type: INDEX; Schema: public; Owner: postgres
--

CREATE INDEX step_by_step_guides_blog_paragraphs_id_a2568528 ON public.step_by_step_guides USING btree (blog_paragraphs_id);


--
-- Name: step_by_step_guides_blog_post_id_61ddf0a6; Type: INDEX; Schema: public; Owner: postgres
--

CREATE INDEX step_by_step_guides_blog_post_id_61ddf0a6 ON public.step_by_step_guides USING btree (blog_post_id);


--
-- Name: step_by_step_guides_contac_blog_paragraphs_id_4aa7b4a8; Type: INDEX; Schema: public; Owner: postgres
--

CREATE INDEX step_by_step_guides_contac_blog_paragraphs_id_4aa7b4a8 ON public.step_by_step_guides_contact_us_specific USING btree (blog_paragraphs_id);


--
-- Name: step_by_step_guides_contac_privacy_policy_id_c604c3c7; Type: INDEX; Schema: public; Owner: postgres
--

CREATE INDEX step_by_step_guides_contac_privacy_policy_id_c604c3c7 ON public.step_by_step_guides_contact_us_specific USING btree (privacy_policy_id);


--
-- Name: step_by_step_guides_contac_sbs_self_refer_id_c988fb55; Type: INDEX; Schema: public; Owner: postgres
--

CREATE INDEX step_by_step_guides_contac_sbs_self_refer_id_c988fb55 ON public.step_by_step_guides_contact_us_specific USING btree (sbs_self_refer_id);


--
-- Name: step_by_step_guides_contact_us_specific_contact_us_id_6e48cae2; Type: INDEX; Schema: public; Owner: postgres
--

CREATE INDEX step_by_step_guides_contact_us_specific_contact_us_id_6e48cae2 ON public.step_by_step_guides_contact_us_specific USING btree (contact_us_id);


--
-- Name: step_by_step_guides_sbs_self_refer_id_ce29408e; Type: INDEX; Schema: public; Owner: postgres
--

CREATE INDEX step_by_step_guides_sbs_self_refer_id_ce29408e ON public.step_by_step_guides USING btree (sbs_self_refer_id);


--
-- Name: Advertise-with-well-plus-good_paragraphs_advertise_well_good Advertise-with-well-_advertisewithwellplu_acb0181f_fk_Advertise; Type: FK CONSTRAINT; Schema: public; Owner: postgres
--

ALTER TABLE ONLY public."Advertise-with-well-plus-good_paragraphs_advertise_well_good"
    ADD CONSTRAINT "Advertise-with-well-_advertisewithwellplu_acb0181f_fk_Advertise" FOREIGN KEY (advertisewithwellplusgood_id) REFERENCES public."Advertise-with-well-plus-good"(id) DEFERRABLE INITIALLY DEFERRED;


--
-- Name: Advertise-with-well-plus-good Advertise-with-well-_author_advertise_wel_1d6b4089_fk_UserManag; Type: FK CONSTRAINT; Schema: public; Owner: postgres
--

ALTER TABLE ONLY public."Advertise-with-well-plus-good"
    ADD CONSTRAINT "Advertise-with-well-_author_advertise_wel_1d6b4089_fk_UserManag" FOREIGN KEY (author_advertise_well_good_id) REFERENCES public."UserManagement_user"(id) DEFERRABLE INITIALLY DEFERRED;


--
-- Name: Advertise-with-well-plus-good_paragraphs_advertise_well_good Advertise-with-well-_paragraph_id_b73260b6_fk_ContactUs; Type: FK CONSTRAINT; Schema: public; Owner: postgres
--

ALTER TABLE ONLY public."Advertise-with-well-plus-good_paragraphs_advertise_well_good"
    ADD CONSTRAINT "Advertise-with-well-_paragraph_id_b73260b6_fk_ContactUs" FOREIGN KEY (paragraph_id) REFERENCES public."ContactUs_paragraph"(id) DEFERRABLE INITIALLY DEFERRED;


--
-- Name: ContactUs_paragraph_step_by_step_guide ContactUs_paragraph__paragraph_id_311e4cfa_fk_ContactUs; Type: FK CONSTRAINT; Schema: public; Owner: postgres
--

ALTER TABLE ONLY public."ContactUs_paragraph_step_by_step_guide"
    ADD CONSTRAINT "ContactUs_paragraph__paragraph_id_311e4cfa_fk_ContactUs" FOREIGN KEY (paragraph_id) REFERENCES public."ContactUs_paragraph"(id) DEFERRABLE INITIALLY DEFERRED;


--
-- Name: ContactUs_paragraph_step_by_step_guide ContactUs_paragraph__stepbystepguide_id_58b10e85_fk_step_by_s; Type: FK CONSTRAINT; Schema: public; Owner: postgres
--

ALTER TABLE ONLY public."ContactUs_paragraph_step_by_step_guide"
    ADD CONSTRAINT "ContactUs_paragraph__stepbystepguide_id_58b10e85_fk_step_by_s" FOREIGN KEY (stepbystepguide_id) REFERENCES public.step_by_step_guides_contact_us_specific(id) DEFERRABLE INITIALLY DEFERRED;


--
-- Name: ContactUs_paragraph ContactUs_paragraph_advertise_with_us_id_831f2a83_fk_Advertise; Type: FK CONSTRAINT; Schema: public; Owner: postgres
--

ALTER TABLE ONLY public."ContactUs_paragraph"
    ADD CONSTRAINT "ContactUs_paragraph_advertise_with_us_id_831f2a83_fk_Advertise" FOREIGN KEY (advertise_with_us_id) REFERENCES public."Advertise-with-well-plus-good"(id) DEFERRABLE INITIALLY DEFERRED;


--
-- Name: ContactUs_paragraph ContactUs_paragraph_contact_us_id_ebbe2d78_fk_contact_us_id; Type: FK CONSTRAINT; Schema: public; Owner: postgres
--

ALTER TABLE ONLY public."ContactUs_paragraph"
    ADD CONSTRAINT "ContactUs_paragraph_contact_us_id_ebbe2d78_fk_contact_us_id" FOREIGN KEY (contact_us_id) REFERENCES public.contact_us(id) DEFERRABLE INITIALLY DEFERRED;


--
-- Name: PrivacyPolicy PrivacyPolicy_author_privacy_polic_4095f766_fk_UserManag; Type: FK CONSTRAINT; Schema: public; Owner: postgres
--

ALTER TABLE ONLY public."PrivacyPolicy"
    ADD CONSTRAINT "PrivacyPolicy_author_privacy_polic_4095f766_fk_UserManag" FOREIGN KEY (author_privacy_policy_id) REFERENCES public."UserManagement_user"(id) DEFERRABLE INITIALLY DEFERRED;


--
-- Name: PrivacyPolicy_paragraphs_privacy_policy PrivacyPolicy_paragr_paragraph_id_7fc7e3a9_fk_ContactUs; Type: FK CONSTRAINT; Schema: public; Owner: postgres
--

ALTER TABLE ONLY public."PrivacyPolicy_paragraphs_privacy_policy"
    ADD CONSTRAINT "PrivacyPolicy_paragr_paragraph_id_7fc7e3a9_fk_ContactUs" FOREIGN KEY (paragraph_id) REFERENCES public."ContactUs_paragraph"(id) DEFERRABLE INITIALLY DEFERRED;


--
-- Name: PrivacyPolicy_paragraphs_privacy_policy PrivacyPolicy_paragr_privacypolicy_id_f81daa91_fk_PrivacyPo; Type: FK CONSTRAINT; Schema: public; Owner: postgres
--

ALTER TABLE ONLY public."PrivacyPolicy_paragraphs_privacy_policy"
    ADD CONSTRAINT "PrivacyPolicy_paragr_privacypolicy_id_f81daa91_fk_PrivacyPo" FOREIGN KEY (privacypolicy_id) REFERENCES public."PrivacyPolicy"(id) DEFERRABLE INITIALLY DEFERRED;


--
-- Name: UserProfile_userprofile UserProfile_userprof_user_id_28edbd3a_fk_UserManag; Type: FK CONSTRAINT; Schema: public; Owner: postgres
--

ALTER TABLE ONLY public."UserProfile_userprofile"
    ADD CONSTRAINT "UserProfile_userprof_user_id_28edbd3a_fk_UserManag" FOREIGN KEY (user_id) REFERENCES public."UserManagement_user"(id) DEFERRABLE INITIALLY DEFERRED;


--
-- Name: UserProfile_userprofile UserProfile_userprofile_role_id_78ffcdd4_fk_UserProfile_role_id; Type: FK CONSTRAINT; Schema: public; Owner: postgres
--

ALTER TABLE ONLY public."UserProfile_userprofile"
    ADD CONSTRAINT "UserProfile_userprofile_role_id_78ffcdd4_fk_UserProfile_role_id" FOREIGN KEY (role_id) REFERENCES public."UserProfile_role"(id) DEFERRABLE INITIALLY DEFERRED;


--
-- Name: auth_group_permissions auth_group_permissio_permission_id_84c5c92e_fk_auth_perm; Type: FK CONSTRAINT; Schema: public; Owner: postgres
--

ALTER TABLE ONLY public.auth_group_permissions
    ADD CONSTRAINT auth_group_permissio_permission_id_84c5c92e_fk_auth_perm FOREIGN KEY (permission_id) REFERENCES public.auth_permission(id) DEFERRABLE INITIALLY DEFERRED;


--
-- Name: auth_group_permissions auth_group_permissions_group_id_b120cbf9_fk_auth_group_id; Type: FK CONSTRAINT; Schema: public; Owner: postgres
--

ALTER TABLE ONLY public.auth_group_permissions
    ADD CONSTRAINT auth_group_permissions_group_id_b120cbf9_fk_auth_group_id FOREIGN KEY (group_id) REFERENCES public.auth_group(id) DEFERRABLE INITIALLY DEFERRED;


--
-- Name: auth_permission auth_permission_content_type_id_2f476e4b_fk_django_co; Type: FK CONSTRAINT; Schema: public; Owner: postgres
--

ALTER TABLE ONLY public.auth_permission
    ADD CONSTRAINT auth_permission_content_type_id_2f476e4b_fk_django_co FOREIGN KEY (content_type_id) REFERENCES public.django_content_type(id) DEFERRABLE INITIALLY DEFERRED;


--
-- Name: blog_blogparagraph blog_blogparagraph_blog_post_id_eeb81534_fk_blog_posts_id; Type: FK CONSTRAINT; Schema: public; Owner: postgres
--

ALTER TABLE ONLY public.blog_blogparagraph
    ADD CONSTRAINT blog_blogparagraph_blog_post_id_eeb81534_fk_blog_posts_id FOREIGN KEY (blog_post_id) REFERENCES public.blog_posts(id) DEFERRABLE INITIALLY DEFERRED;


--
-- Name: blog_blogparagraph blog_blogparagraph_paragraphs_self_refe_46301407_fk_blog_blog; Type: FK CONSTRAINT; Schema: public; Owner: postgres
--

ALTER TABLE ONLY public.blog_blogparagraph
    ADD CONSTRAINT blog_blogparagraph_paragraphs_self_refe_46301407_fk_blog_blog FOREIGN KEY (paragraphs_self_refer_id) REFERENCES public.blog_blogparagraph(id) DEFERRABLE INITIALLY DEFERRED;


--
-- Name: blog_blogparagraph_step_by_step_guide blog_blogparagraph_s_blogparagraph_id_726fe9db_fk_blog_blog; Type: FK CONSTRAINT; Schema: public; Owner: postgres
--

ALTER TABLE ONLY public.blog_blogparagraph_step_by_step_guide
    ADD CONSTRAINT blog_blogparagraph_s_blogparagraph_id_726fe9db_fk_blog_blog FOREIGN KEY (blogparagraph_id) REFERENCES public.blog_blogparagraph(id) DEFERRABLE INITIALLY DEFERRED;


--
-- Name: blog_blogparagraph_step_by_step_guide blog_blogparagraph_s_blogstepbystepguide__62ef3a47_fk_step_by_s; Type: FK CONSTRAINT; Schema: public; Owner: postgres
--

ALTER TABLE ONLY public.blog_blogparagraph_step_by_step_guide
    ADD CONSTRAINT blog_blogparagraph_s_blogstepbystepguide__62ef3a47_fk_step_by_s FOREIGN KEY (blogstepbystepguide_id) REFERENCES public.step_by_step_guides(id) DEFERRABLE INITIALLY DEFERRED;


--
-- Name: blog_comment blog_comment_author_id_4f11e2e0_fk_UserManagement_user_id; Type: FK CONSTRAINT; Schema: public; Owner: postgres
--

ALTER TABLE ONLY public.blog_comment
    ADD CONSTRAINT "blog_comment_author_id_4f11e2e0_fk_UserManagement_user_id" FOREIGN KEY (author_id) REFERENCES public."UserManagement_user"(id) DEFERRABLE INITIALLY DEFERRED;


--
-- Name: blog_comment blog_comment_post_id_580e96ef_fk_blog_posts_id; Type: FK CONSTRAINT; Schema: public; Owner: postgres
--

ALTER TABLE ONLY public.blog_comment
    ADD CONSTRAINT blog_comment_post_id_580e96ef_fk_blog_posts_id FOREIGN KEY (post_id) REFERENCES public.blog_posts(id) DEFERRABLE INITIALLY DEFERRED;


--
-- Name: blog_posts blog_posts_author_id_6f561d00_fk_UserManagement_user_id; Type: FK CONSTRAINT; Schema: public; Owner: postgres
--

ALTER TABLE ONLY public.blog_posts
    ADD CONSTRAINT "blog_posts_author_id_6f561d00_fk_UserManagement_user_id" FOREIGN KEY (author_id) REFERENCES public."UserManagement_user"(id) DEFERRABLE INITIALLY DEFERRED;


--
-- Name: blog_posts blog_posts_category_id_4316690d_fk_blog_category_id; Type: FK CONSTRAINT; Schema: public; Owner: postgres
--

ALTER TABLE ONLY public.blog_posts
    ADD CONSTRAINT blog_posts_category_id_4316690d_fk_blog_category_id FOREIGN KEY (category_id) REFERENCES public.blog_category(id) DEFERRABLE INITIALLY DEFERRED;


--
-- Name: blog_posts_paragraphs blog_posts_paragraph_blogparagraph_id_b41e2b18_fk_blog_blog; Type: FK CONSTRAINT; Schema: public; Owner: postgres
--

ALTER TABLE ONLY public.blog_posts_paragraphs
    ADD CONSTRAINT blog_posts_paragraph_blogparagraph_id_b41e2b18_fk_blog_blog FOREIGN KEY (blogparagraph_id) REFERENCES public.blog_blogparagraph(id) DEFERRABLE INITIALLY DEFERRED;


--
-- Name: blog_posts_paragraphs blog_posts_paragraphs_blogpost_id_c2fc2394_fk_blog_posts_id; Type: FK CONSTRAINT; Schema: public; Owner: postgres
--

ALTER TABLE ONLY public.blog_posts_paragraphs
    ADD CONSTRAINT blog_posts_paragraphs_blogpost_id_c2fc2394_fk_blog_posts_id FOREIGN KEY (blogpost_id) REFERENCES public.blog_posts(id) DEFERRABLE INITIALLY DEFERRED;


--
-- Name: blog_posts_post_images blog_posts_post_imag_blogpostimage_id_08331e5c_fk_blog_blog; Type: FK CONSTRAINT; Schema: public; Owner: postgres
--

ALTER TABLE ONLY public.blog_posts_post_images
    ADD CONSTRAINT blog_posts_post_imag_blogpostimage_id_08331e5c_fk_blog_blog FOREIGN KEY (blogpostimage_id) REFERENCES public.blog_blogpostimage(id) DEFERRABLE INITIALLY DEFERRED;


--
-- Name: blog_posts_post_images blog_posts_post_images_blogpost_id_2c233c46_fk_blog_posts_id; Type: FK CONSTRAINT; Schema: public; Owner: postgres
--

ALTER TABLE ONLY public.blog_posts_post_images
    ADD CONSTRAINT blog_posts_post_images_blogpost_id_2c233c46_fk_blog_posts_id FOREIGN KEY (blogpost_id) REFERENCES public.blog_posts(id) DEFERRABLE INITIALLY DEFERRED;


--
-- Name: blog_posts blog_posts_topic_type_id_685a025e_fk_blog_topictype_id; Type: FK CONSTRAINT; Schema: public; Owner: postgres
--

ALTER TABLE ONLY public.blog_posts
    ADD CONSTRAINT blog_posts_topic_type_id_685a025e_fk_blog_topictype_id FOREIGN KEY (topic_type_id) REFERENCES public.blog_topictype(id) DEFERRABLE INITIALLY DEFERRED;


--
-- Name: blog_reply blog_reply_author_id_7641dac7_fk_UserManagement_user_id; Type: FK CONSTRAINT; Schema: public; Owner: postgres
--

ALTER TABLE ONLY public.blog_reply
    ADD CONSTRAINT "blog_reply_author_id_7641dac7_fk_UserManagement_user_id" FOREIGN KEY (author_id) REFERENCES public."UserManagement_user"(id) DEFERRABLE INITIALLY DEFERRED;


--
-- Name: blog_reply blog_reply_comment_id_id_4d0f35cc_fk_blog_comment_id; Type: FK CONSTRAINT; Schema: public; Owner: postgres
--

ALTER TABLE ONLY public.blog_reply
    ADD CONSTRAINT blog_reply_comment_id_id_4d0f35cc_fk_blog_comment_id FOREIGN KEY (comment_id_id) REFERENCES public.blog_comment(id) DEFERRABLE INITIALLY DEFERRED;


--
-- Name: contact_us contact_us_author_id_3da91a74_fk_UserManagement_user_id; Type: FK CONSTRAINT; Schema: public; Owner: postgres
--

ALTER TABLE ONLY public.contact_us
    ADD CONSTRAINT "contact_us_author_id_3da91a74_fk_UserManagement_user_id" FOREIGN KEY (author_id) REFERENCES public."UserManagement_user"(id) DEFERRABLE INITIALLY DEFERRED;


--
-- Name: contact_us_paragraphs contact_us_paragraph_paragraph_id_e28b4597_fk_ContactUs; Type: FK CONSTRAINT; Schema: public; Owner: postgres
--

ALTER TABLE ONLY public.contact_us_paragraphs
    ADD CONSTRAINT "contact_us_paragraph_paragraph_id_e28b4597_fk_ContactUs" FOREIGN KEY (paragraph_id) REFERENCES public."ContactUs_paragraph"(id) DEFERRABLE INITIALLY DEFERRED;


--
-- Name: contact_us_paragraphs contact_us_paragraphs_contactus_id_9f9cdc14_fk_contact_us_id; Type: FK CONSTRAINT; Schema: public; Owner: postgres
--

ALTER TABLE ONLY public.contact_us_paragraphs
    ADD CONSTRAINT contact_us_paragraphs_contactus_id_9f9cdc14_fk_contact_us_id FOREIGN KEY (contactus_id) REFERENCES public.contact_us(id) DEFERRABLE INITIALLY DEFERRED;


--
-- Name: django_admin_log django_admin_log_content_type_id_c4bce8eb_fk_django_co; Type: FK CONSTRAINT; Schema: public; Owner: postgres
--

ALTER TABLE ONLY public.django_admin_log
    ADD CONSTRAINT django_admin_log_content_type_id_c4bce8eb_fk_django_co FOREIGN KEY (content_type_id) REFERENCES public.django_content_type(id) DEFERRABLE INITIALLY DEFERRED;


--
-- Name: django_admin_log django_admin_log_user_id_c564eba6_fk_UserManagement_user_id; Type: FK CONSTRAINT; Schema: public; Owner: postgres
--

ALTER TABLE ONLY public.django_admin_log
    ADD CONSTRAINT "django_admin_log_user_id_c564eba6_fk_UserManagement_user_id" FOREIGN KEY (user_id) REFERENCES public."UserManagement_user"(id) DEFERRABLE INITIALLY DEFERRED;


--
-- Name: legal_clause legal_clause_terms_and_conditions_b6d04351_fk_legal_ter; Type: FK CONSTRAINT; Schema: public; Owner: postgres
--

ALTER TABLE ONLY public.legal_clause
    ADD CONSTRAINT legal_clause_terms_and_conditions_b6d04351_fk_legal_ter FOREIGN KEY (terms_and_conditions_id) REFERENCES public.legal_termsandconditions(id) DEFERRABLE INITIALLY DEFERRED;


--
-- Name: legal_useragreement legal_useragreement_terms_and_conditions_516ae9e2_fk_legal_ter; Type: FK CONSTRAINT; Schema: public; Owner: postgres
--

ALTER TABLE ONLY public.legal_useragreement
    ADD CONSTRAINT legal_useragreement_terms_and_conditions_516ae9e2_fk_legal_ter FOREIGN KEY (terms_and_conditions_id) REFERENCES public.legal_termsandconditions(id) DEFERRABLE INITIALLY DEFERRED;


--
-- Name: legal_useragreement legal_useragreement_user_id_f4497ea0_fk_UserManagement_user_id; Type: FK CONSTRAINT; Schema: public; Owner: postgres
--

ALTER TABLE ONLY public.legal_useragreement
    ADD CONSTRAINT "legal_useragreement_user_id_f4497ea0_fk_UserManagement_user_id" FOREIGN KEY (user_id) REFERENCES public."UserManagement_user"(id) DEFERRABLE INITIALLY DEFERRED;


--
-- Name: silk_profile_queries silk_profile_queries_profile_id_a3d76db8_fk_silk_profile_id; Type: FK CONSTRAINT; Schema: public; Owner: postgres
--

ALTER TABLE ONLY public.silk_profile_queries
    ADD CONSTRAINT silk_profile_queries_profile_id_a3d76db8_fk_silk_profile_id FOREIGN KEY (profile_id) REFERENCES public.silk_profile(id) DEFERRABLE INITIALLY DEFERRED;


--
-- Name: silk_profile_queries silk_profile_queries_sqlquery_id_155df455_fk_silk_sqlquery_id; Type: FK CONSTRAINT; Schema: public; Owner: postgres
--

ALTER TABLE ONLY public.silk_profile_queries
    ADD CONSTRAINT silk_profile_queries_sqlquery_id_155df455_fk_silk_sqlquery_id FOREIGN KEY (sqlquery_id) REFERENCES public.silk_sqlquery(id) DEFERRABLE INITIALLY DEFERRED;


--
-- Name: silk_profile silk_profile_request_id_7b81bd69_fk_silk_request_id; Type: FK CONSTRAINT; Schema: public; Owner: postgres
--

ALTER TABLE ONLY public.silk_profile
    ADD CONSTRAINT silk_profile_request_id_7b81bd69_fk_silk_request_id FOREIGN KEY (request_id) REFERENCES public.silk_request(id) DEFERRABLE INITIALLY DEFERRED;


--
-- Name: silk_response silk_response_request_id_1e8e2776_fk_silk_request_id; Type: FK CONSTRAINT; Schema: public; Owner: postgres
--

ALTER TABLE ONLY public.silk_response
    ADD CONSTRAINT silk_response_request_id_1e8e2776_fk_silk_request_id FOREIGN KEY (request_id) REFERENCES public.silk_request(id) DEFERRABLE INITIALLY DEFERRED;


--
-- Name: silk_sqlquery silk_sqlquery_request_id_6f8f0527_fk_silk_request_id; Type: FK CONSTRAINT; Schema: public; Owner: postgres
--

ALTER TABLE ONLY public.silk_sqlquery
    ADD CONSTRAINT silk_sqlquery_request_id_6f8f0527_fk_silk_request_id FOREIGN KEY (request_id) REFERENCES public.silk_request(id) DEFERRABLE INITIALLY DEFERRED;


--
-- Name: step_by_step_guides_contact_us_specific step_by_step_guides__blog_paragraphs_id_4aa7b4a8_fk_ContactUs; Type: FK CONSTRAINT; Schema: public; Owner: postgres
--

ALTER TABLE ONLY public.step_by_step_guides_contact_us_specific
    ADD CONSTRAINT "step_by_step_guides__blog_paragraphs_id_4aa7b4a8_fk_ContactUs" FOREIGN KEY (blog_paragraphs_id) REFERENCES public."ContactUs_paragraph"(id) DEFERRABLE INITIALLY DEFERRED;


--
-- Name: step_by_step_guides_contact_us_specific step_by_step_guides__contact_us_id_6e48cae2_fk_contact_u; Type: FK CONSTRAINT; Schema: public; Owner: postgres
--

ALTER TABLE ONLY public.step_by_step_guides_contact_us_specific
    ADD CONSTRAINT step_by_step_guides__contact_us_id_6e48cae2_fk_contact_u FOREIGN KEY (contact_us_id) REFERENCES public.contact_us(id) DEFERRABLE INITIALLY DEFERRED;


--
-- Name: step_by_step_guides_contact_us_specific step_by_step_guides__privacy_policy_id_c604c3c7_fk_PrivacyPo; Type: FK CONSTRAINT; Schema: public; Owner: postgres
--

ALTER TABLE ONLY public.step_by_step_guides_contact_us_specific
    ADD CONSTRAINT "step_by_step_guides__privacy_policy_id_c604c3c7_fk_PrivacyPo" FOREIGN KEY (privacy_policy_id) REFERENCES public."PrivacyPolicy"(id) DEFERRABLE INITIALLY DEFERRED;


--
-- Name: step_by_step_guides_contact_us_specific step_by_step_guides__sbs_self_refer_id_c988fb55_fk_step_by_s; Type: FK CONSTRAINT; Schema: public; Owner: postgres
--

ALTER TABLE ONLY public.step_by_step_guides_contact_us_specific
    ADD CONSTRAINT step_by_step_guides__sbs_self_refer_id_c988fb55_fk_step_by_s FOREIGN KEY (sbs_self_refer_id) REFERENCES public.step_by_step_guides_contact_us_specific(id) DEFERRABLE INITIALLY DEFERRED;


--
-- Name: step_by_step_guides step_by_step_guides_blog_paragraphs_id_a2568528_fk_blog_blog; Type: FK CONSTRAINT; Schema: public; Owner: postgres
--

ALTER TABLE ONLY public.step_by_step_guides
    ADD CONSTRAINT step_by_step_guides_blog_paragraphs_id_a2568528_fk_blog_blog FOREIGN KEY (blog_paragraphs_id) REFERENCES public.blog_blogparagraph(id) DEFERRABLE INITIALLY DEFERRED;


--
-- Name: step_by_step_guides step_by_step_guides_blog_post_id_61ddf0a6_fk_blog_posts_id; Type: FK CONSTRAINT; Schema: public; Owner: postgres
--

ALTER TABLE ONLY public.step_by_step_guides
    ADD CONSTRAINT step_by_step_guides_blog_post_id_61ddf0a6_fk_blog_posts_id FOREIGN KEY (blog_post_id) REFERENCES public.blog_posts(id) DEFERRABLE INITIALLY DEFERRED;


--
-- Name: step_by_step_guides step_by_step_guides_sbs_self_refer_id_ce29408e_fk_step_by_s; Type: FK CONSTRAINT; Schema: public; Owner: postgres
--

ALTER TABLE ONLY public.step_by_step_guides
    ADD CONSTRAINT step_by_step_guides_sbs_self_refer_id_ce29408e_fk_step_by_s FOREIGN KEY (sbs_self_refer_id) REFERENCES public.step_by_step_guides(id) DEFERRABLE INITIALLY DEFERRED;


--
-- PostgreSQL database dump complete
--

--
-- PostgreSQL database cluster dump complete
--

