--
-- PostgreSQL database cluster dump
--

SET default_transaction_read_only = off;

SET client_encoding = 'UTF8';
SET standard_conforming_strings = on;

--
-- Drop databases (except postgres and template1)
--





--
-- Drop roles
--

DROP ROLE postgres;


--
-- Roles
--

CREATE ROLE postgres;
ALTER ROLE postgres WITH SUPERUSER INHERIT CREATEROLE CREATEDB LOGIN REPLICATION BYPASSRLS PASSWORD 'SCRAM-SHA-256$4096:XwNOAc7MJL1Bx5fA/mH0gg==$1g3RBi26ZwsbmmrhE/+nidoI6ghxSj/vLbY/EfUI0CE=:lUa4b7jtYIqxJifjaHT1SaC9bhOkQ5DNIPu5d43tV0k=';

--
-- User Configurations
--








--
-- Databases
--

--
-- Database "template1" dump
--

--
-- PostgreSQL database dump
--

-- Dumped from database version 15.2 (Debian 15.2-1.pgdg110+1)
-- Dumped by pg_dump version 15.2 (Debian 15.2-1.pgdg110+1)

SET statement_timeout = 0;
SET lock_timeout = 0;
SET idle_in_transaction_session_timeout = 0;
SET client_encoding = 'UTF8';
SET standard_conforming_strings = on;
SELECT pg_catalog.set_config('search_path', '', false);
SET check_function_bodies = false;
SET xmloption = content;
SET client_min_messages = warning;
SET row_security = off;

UPDATE pg_catalog.pg_database SET datistemplate = false WHERE datname = 'template1';
DROP DATABASE template1;
--
-- Name: template1; Type: DATABASE; Schema: -; Owner: postgres
--

CREATE DATABASE template1 WITH TEMPLATE = template0 ENCODING = 'UTF8' LOCALE_PROVIDER = libc LOCALE = 'en_US.utf8';


ALTER DATABASE template1 OWNER TO postgres;

\connect template1

SET statement_timeout = 0;
SET lock_timeout = 0;
SET idle_in_transaction_session_timeout = 0;
SET client_encoding = 'UTF8';
SET standard_conforming_strings = on;
SELECT pg_catalog.set_config('search_path', '', false);
SET check_function_bodies = false;
SET xmloption = content;
SET client_min_messages = warning;
SET row_security = off;

--
-- Name: DATABASE template1; Type: COMMENT; Schema: -; Owner: postgres
--

COMMENT ON DATABASE template1 IS 'default template for new databases';


--
-- Name: template1; Type: DATABASE PROPERTIES; Schema: -; Owner: postgres
--

ALTER DATABASE template1 IS_TEMPLATE = true;


\connect template1

SET statement_timeout = 0;
SET lock_timeout = 0;
SET idle_in_transaction_session_timeout = 0;
SET client_encoding = 'UTF8';
SET standard_conforming_strings = on;
SELECT pg_catalog.set_config('search_path', '', false);
SET check_function_bodies = false;
SET xmloption = content;
SET client_min_messages = warning;
SET row_security = off;

--
-- Name: DATABASE template1; Type: ACL; Schema: -; Owner: postgres
--

REVOKE CONNECT,TEMPORARY ON DATABASE template1 FROM PUBLIC;
GRANT CONNECT ON DATABASE template1 TO PUBLIC;


--
-- PostgreSQL database dump complete
--

--
-- Database "postgres" dump
--

--
-- PostgreSQL database dump
--

-- Dumped from database version 15.2 (Debian 15.2-1.pgdg110+1)
-- Dumped by pg_dump version 15.2 (Debian 15.2-1.pgdg110+1)

SET statement_timeout = 0;
SET lock_timeout = 0;
SET idle_in_transaction_session_timeout = 0;
SET client_encoding = 'UTF8';
SET standard_conforming_strings = on;
SELECT pg_catalog.set_config('search_path', '', false);
SET check_function_bodies = false;
SET xmloption = content;
SET client_min_messages = warning;
SET row_security = off;

DROP DATABASE postgres;
--
-- Name: postgres; Type: DATABASE; Schema: -; Owner: postgres
--

CREATE DATABASE postgres WITH TEMPLATE = template0 ENCODING = 'UTF8' LOCALE_PROVIDER = libc LOCALE = 'en_US.utf8';


ALTER DATABASE postgres OWNER TO postgres;

\connect postgres

SET statement_timeout = 0;
SET lock_timeout = 0;
SET idle_in_transaction_session_timeout = 0;
SET client_encoding = 'UTF8';
SET standard_conforming_strings = on;
SELECT pg_catalog.set_config('search_path', '', false);
SET check_function_bodies = false;
SET xmloption = content;
SET client_min_messages = warning;
SET row_security = off;

--
-- Name: DATABASE postgres; Type: COMMENT; Schema: -; Owner: postgres
--

COMMENT ON DATABASE postgres IS 'default administrative connection database';


SET default_tablespace = '';

SET default_table_access_method = heap;

--
-- Name: blog_blogparagraph; Type: TABLE; Schema: public; Owner: postgres
--

CREATE TABLE public.blog_blogparagraph (
    id bigint NOT NULL,
    paragraph_title character varying(255),
    paragraph_content text,
    "order" integer,
    blog_post_id bigint,
    CONSTRAINT "BlogParagraphs_order_check" CHECK (("order" >= 0))
);


ALTER TABLE public.blog_blogparagraph OWNER TO postgres;

--
-- Name: BlogParagraphs_id_seq; Type: SEQUENCE; Schema: public; Owner: postgres
--

ALTER TABLE public.blog_blogparagraph ALTER COLUMN id ADD GENERATED BY DEFAULT AS IDENTITY (
    SEQUENCE NAME public."BlogParagraphs_id_seq"
    START WITH 1
    INCREMENT BY 1
    NO MINVALUE
    NO MAXVALUE
    CACHE 1
);


--
-- Name: ContactUs_paragraph; Type: TABLE; Schema: public; Owner: postgres
--

CREATE TABLE public."ContactUs_paragraph" (
    id bigint NOT NULL,
    paragraph_title character varying(255),
    paragraph_content text,
    "order" integer,
    contact_us_id bigint,
    CONSTRAINT "ContactUs_paragraph_order_check" CHECK (("order" >= 0))
);


ALTER TABLE public."ContactUs_paragraph" OWNER TO postgres;

--
-- Name: ContactUs_paragraph_id_seq; Type: SEQUENCE; Schema: public; Owner: postgres
--

ALTER TABLE public."ContactUs_paragraph" ALTER COLUMN id ADD GENERATED BY DEFAULT AS IDENTITY (
    SEQUENCE NAME public."ContactUs_paragraph_id_seq"
    START WITH 1
    INCREMENT BY 1
    NO MINVALUE
    NO MAXVALUE
    CACHE 1
);


--
-- Name: ContactUs_subfields; Type: TABLE; Schema: public; Owner: postgres
--

CREATE TABLE public."ContactUs_subfields" (
    id bigint NOT NULL,
    sub_index smallint,
    sub_heading character varying(255),
    sub_content text,
    sbs_guide_sub_section_id bigint NOT NULL,
    CONSTRAINT "ContactUs_subfields_sub_index_check" CHECK ((sub_index >= 0))
);


ALTER TABLE public."ContactUs_subfields" OWNER TO postgres;

--
-- Name: ContactUs_subfields_id_seq; Type: SEQUENCE; Schema: public; Owner: postgres
--

ALTER TABLE public."ContactUs_subfields" ALTER COLUMN id ADD GENERATED BY DEFAULT AS IDENTITY (
    SEQUENCE NAME public."ContactUs_subfields_id_seq"
    START WITH 1
    INCREMENT BY 1
    NO MINVALUE
    NO MAXVALUE
    CACHE 1
);


--
-- Name: UserManagement_user; Type: TABLE; Schema: public; Owner: postgres
--

CREATE TABLE public."UserManagement_user" (
    id bigint NOT NULL,
    password character varying(128) NOT NULL,
    last_login timestamp with time zone,
    email character varying(255) NOT NULL,
    first_name character varying(255) NOT NULL,
    last_name character varying(255) NOT NULL,
    tc boolean NOT NULL,
    is_active boolean NOT NULL,
    is_admin boolean NOT NULL,
    created_at timestamp with time zone NOT NULL,
    updated_at timestamp with time zone NOT NULL
);


ALTER TABLE public."UserManagement_user" OWNER TO postgres;

--
-- Name: UserManagement_user_id_seq; Type: SEQUENCE; Schema: public; Owner: postgres
--

ALTER TABLE public."UserManagement_user" ALTER COLUMN id ADD GENERATED BY DEFAULT AS IDENTITY (
    SEQUENCE NAME public."UserManagement_user_id_seq"
    START WITH 1
    INCREMENT BY 1
    NO MINVALUE
    NO MAXVALUE
    CACHE 1
);


--
-- Name: UserProfile_role; Type: TABLE; Schema: public; Owner: postgres
--

CREATE TABLE public."UserProfile_role" (
    id bigint NOT NULL,
    role_name character varying(100) NOT NULL
);


ALTER TABLE public."UserProfile_role" OWNER TO postgres;

--
-- Name: UserProfile_role_id_seq; Type: SEQUENCE; Schema: public; Owner: postgres
--

ALTER TABLE public."UserProfile_role" ALTER COLUMN id ADD GENERATED BY DEFAULT AS IDENTITY (
    SEQUENCE NAME public."UserProfile_role_id_seq"
    START WITH 1
    INCREMENT BY 1
    NO MINVALUE
    NO MAXVALUE
    CACHE 1
);


--
-- Name: UserProfile_userprofile; Type: TABLE; Schema: public; Owner: postgres
--

CREATE TABLE public."UserProfile_userprofile" (
    id bigint NOT NULL,
    bio text,
    profile_image character varying(100),
    country character varying(150),
    city character varying(150),
    twitter_acc character varying(300),
    facebook_acc character varying(300),
    instagram_acc character varying(300),
    role_id bigint NOT NULL,
    user_id bigint NOT NULL
);


ALTER TABLE public."UserProfile_userprofile" OWNER TO postgres;

--
-- Name: UserProfile_userprofile_id_seq; Type: SEQUENCE; Schema: public; Owner: postgres
--

ALTER TABLE public."UserProfile_userprofile" ALTER COLUMN id ADD GENERATED BY DEFAULT AS IDENTITY (
    SEQUENCE NAME public."UserProfile_userprofile_id_seq"
    START WITH 1
    INCREMENT BY 1
    NO MINVALUE
    NO MAXVALUE
    CACHE 1
);


--
-- Name: auth_group; Type: TABLE; Schema: public; Owner: postgres
--

CREATE TABLE public.auth_group (
    id integer NOT NULL,
    name character varying(150) NOT NULL
);


ALTER TABLE public.auth_group OWNER TO postgres;

--
-- Name: auth_group_id_seq; Type: SEQUENCE; Schema: public; Owner: postgres
--

ALTER TABLE public.auth_group ALTER COLUMN id ADD GENERATED BY DEFAULT AS IDENTITY (
    SEQUENCE NAME public.auth_group_id_seq
    START WITH 1
    INCREMENT BY 1
    NO MINVALUE
    NO MAXVALUE
    CACHE 1
);


--
-- Name: auth_group_permissions; Type: TABLE; Schema: public; Owner: postgres
--

CREATE TABLE public.auth_group_permissions (
    id bigint NOT NULL,
    group_id integer NOT NULL,
    permission_id integer NOT NULL
);


ALTER TABLE public.auth_group_permissions OWNER TO postgres;

--
-- Name: auth_group_permissions_id_seq; Type: SEQUENCE; Schema: public; Owner: postgres
--

ALTER TABLE public.auth_group_permissions ALTER COLUMN id ADD GENERATED BY DEFAULT AS IDENTITY (
    SEQUENCE NAME public.auth_group_permissions_id_seq
    START WITH 1
    INCREMENT BY 1
    NO MINVALUE
    NO MAXVALUE
    CACHE 1
);


--
-- Name: auth_permission; Type: TABLE; Schema: public; Owner: postgres
--

CREATE TABLE public.auth_permission (
    id integer NOT NULL,
    name character varying(255) NOT NULL,
    content_type_id integer NOT NULL,
    codename character varying(100) NOT NULL
);


ALTER TABLE public.auth_permission OWNER TO postgres;

--
-- Name: auth_permission_id_seq; Type: SEQUENCE; Schema: public; Owner: postgres
--

ALTER TABLE public.auth_permission ALTER COLUMN id ADD GENERATED BY DEFAULT AS IDENTITY (
    SEQUENCE NAME public.auth_permission_id_seq
    START WITH 1
    INCREMENT BY 1
    NO MINVALUE
    NO MAXVALUE
    CACHE 1
);


--
-- Name: blog_blogpostimage; Type: TABLE; Schema: public; Owner: postgres
--

CREATE TABLE public.blog_blogpostimage (
    id bigint NOT NULL,
    images character varying(100)
);


ALTER TABLE public.blog_blogpostimage OWNER TO postgres;

--
-- Name: blog_blogpostimage_id_seq; Type: SEQUENCE; Schema: public; Owner: postgres
--

ALTER TABLE public.blog_blogpostimage ALTER COLUMN id ADD GENERATED BY DEFAULT AS IDENTITY (
    SEQUENCE NAME public.blog_blogpostimage_id_seq
    START WITH 1
    INCREMENT BY 1
    NO MINVALUE
    NO MAXVALUE
    CACHE 1
);


--
-- Name: blog_category; Type: TABLE; Schema: public; Owner: postgres
--

CREATE TABLE public.blog_category (
    id bigint NOT NULL,
    category_name character varying(100) NOT NULL
);


ALTER TABLE public.blog_category OWNER TO postgres;

--
-- Name: blog_category_id_seq; Type: SEQUENCE; Schema: public; Owner: postgres
--

ALTER TABLE public.blog_category ALTER COLUMN id ADD GENERATED BY DEFAULT AS IDENTITY (
    SEQUENCE NAME public.blog_category_id_seq
    START WITH 1
    INCREMENT BY 1
    NO MINVALUE
    NO MAXVALUE
    CACHE 1
);


--
-- Name: blog_comment; Type: TABLE; Schema: public; Owner: postgres
--

CREATE TABLE public.blog_comment (
    id bigint NOT NULL,
    created_date timestamp with time zone NOT NULL,
    updated_at timestamp with time zone NOT NULL,
    comment_text text NOT NULL,
    author_id bigint NOT NULL,
    post_id bigint NOT NULL
);


ALTER TABLE public.blog_comment OWNER TO postgres;

--
-- Name: blog_comment_id_seq; Type: SEQUENCE; Schema: public; Owner: postgres
--

ALTER TABLE public.blog_comment ALTER COLUMN id ADD GENERATED BY DEFAULT AS IDENTITY (
    SEQUENCE NAME public.blog_comment_id_seq
    START WITH 1
    INCREMENT BY 1
    NO MINVALUE
    NO MAXVALUE
    CACHE 1
);


--
-- Name: blog_posts; Type: TABLE; Schema: public; Owner: postgres
--

CREATE TABLE public.blog_posts (
    id bigint NOT NULL,
    title character varying(100) NOT NULL,
    slug character varying(255),
    cover_image character varying(100),
    quote character varying(255),
    quote_writer character varying(255),
    created_at timestamp with time zone NOT NULL,
    updated_at timestamp with time zone NOT NULL,
    most_recent_posts boolean,
    featured_posts boolean,
    older_posts boolean,
    author_id bigint NOT NULL,
    category_id bigint NOT NULL,
    content text,
    topic_type_id bigint
);


ALTER TABLE public.blog_posts OWNER TO postgres;

--
-- Name: blog_posts_id_seq; Type: SEQUENCE; Schema: public; Owner: postgres
--

ALTER TABLE public.blog_posts ALTER COLUMN id ADD GENERATED BY DEFAULT AS IDENTITY (
    SEQUENCE NAME public.blog_posts_id_seq
    START WITH 1
    INCREMENT BY 1
    NO MINVALUE
    NO MAXVALUE
    CACHE 1
);


--
-- Name: blog_posts_paragraphs; Type: TABLE; Schema: public; Owner: postgres
--

CREATE TABLE public.blog_posts_paragraphs (
    id bigint NOT NULL,
    blogpost_id bigint NOT NULL,
    blogparagraph_id bigint NOT NULL
);


ALTER TABLE public.blog_posts_paragraphs OWNER TO postgres;

--
-- Name: blog_posts_paragraphs_id_seq; Type: SEQUENCE; Schema: public; Owner: postgres
--

ALTER TABLE public.blog_posts_paragraphs ALTER COLUMN id ADD GENERATED BY DEFAULT AS IDENTITY (
    SEQUENCE NAME public.blog_posts_paragraphs_id_seq
    START WITH 1
    INCREMENT BY 1
    NO MINVALUE
    NO MAXVALUE
    CACHE 1
);


--
-- Name: blog_posts_post_images; Type: TABLE; Schema: public; Owner: postgres
--

CREATE TABLE public.blog_posts_post_images (
    id bigint NOT NULL,
    blogpost_id bigint NOT NULL,
    blogpostimage_id bigint NOT NULL
);


ALTER TABLE public.blog_posts_post_images OWNER TO postgres;

--
-- Name: blog_posts_post_images_id_seq; Type: SEQUENCE; Schema: public; Owner: postgres
--

ALTER TABLE public.blog_posts_post_images ALTER COLUMN id ADD GENERATED BY DEFAULT AS IDENTITY (
    SEQUENCE NAME public.blog_posts_post_images_id_seq
    START WITH 1
    INCREMENT BY 1
    NO MINVALUE
    NO MAXVALUE
    CACHE 1
);


--
-- Name: blog_posts_step_by_step_guide; Type: TABLE; Schema: public; Owner: postgres
--

CREATE TABLE public.blog_posts_step_by_step_guide (
    id bigint NOT NULL,
    blogpost_id bigint NOT NULL,
    blogstepbystepguide_id bigint NOT NULL
);


ALTER TABLE public.blog_posts_step_by_step_guide OWNER TO postgres;

--
-- Name: blog_posts_step_by_step_guide_id_seq; Type: SEQUENCE; Schema: public; Owner: postgres
--

ALTER TABLE public.blog_posts_step_by_step_guide ALTER COLUMN id ADD GENERATED BY DEFAULT AS IDENTITY (
    SEQUENCE NAME public.blog_posts_step_by_step_guide_id_seq
    START WITH 1
    INCREMENT BY 1
    NO MINVALUE
    NO MAXVALUE
    CACHE 1
);


--
-- Name: blog_reply; Type: TABLE; Schema: public; Owner: postgres
--

CREATE TABLE public.blog_reply (
    id bigint NOT NULL,
    created_at timestamp with time zone NOT NULL,
    updated_at timestamp with time zone NOT NULL,
    reply_text text NOT NULL,
    author_id bigint NOT NULL,
    comment_id_id bigint NOT NULL
);


ALTER TABLE public.blog_reply OWNER TO postgres;

--
-- Name: blog_reply_id_seq; Type: SEQUENCE; Schema: public; Owner: postgres
--

ALTER TABLE public.blog_reply ALTER COLUMN id ADD GENERATED BY DEFAULT AS IDENTITY (
    SEQUENCE NAME public.blog_reply_id_seq
    START WITH 1
    INCREMENT BY 1
    NO MINVALUE
    NO MAXVALUE
    CACHE 1
);


--
-- Name: blog_subfields; Type: TABLE; Schema: public; Owner: postgres
--

CREATE TABLE public.blog_subfields (
    id bigint NOT NULL,
    sub_index smallint,
    sub_heading character varying(255),
    sub_content text,
    sbs_guide_sub_section_id bigint NOT NULL,
    CONSTRAINT blog_subfields_sub_index_check CHECK ((sub_index >= 0))
);


ALTER TABLE public.blog_subfields OWNER TO postgres;

--
-- Name: blog_subfields_id_seq; Type: SEQUENCE; Schema: public; Owner: postgres
--

ALTER TABLE public.blog_subfields ALTER COLUMN id ADD GENERATED BY DEFAULT AS IDENTITY (
    SEQUENCE NAME public.blog_subfields_id_seq
    START WITH 1
    INCREMENT BY 1
    NO MINVALUE
    NO MAXVALUE
    CACHE 1
);


--
-- Name: blog_topictype; Type: TABLE; Schema: public; Owner: postgres
--

CREATE TABLE public.blog_topictype (
    id bigint NOT NULL,
    topic character varying(100)
);


ALTER TABLE public.blog_topictype OWNER TO postgres;

--
-- Name: blog_topictype_id_seq; Type: SEQUENCE; Schema: public; Owner: postgres
--

ALTER TABLE public.blog_topictype ALTER COLUMN id ADD GENERATED BY DEFAULT AS IDENTITY (
    SEQUENCE NAME public.blog_topictype_id_seq
    START WITH 1
    INCREMENT BY 1
    NO MINVALUE
    NO MAXVALUE
    CACHE 1
);


--
-- Name: contact_us; Type: TABLE; Schema: public; Owner: postgres
--

CREATE TABLE public.contact_us (
    id bigint NOT NULL,
    title character varying(100) NOT NULL,
    content text,
    created_at timestamp with time zone NOT NULL,
    updated_at timestamp with time zone NOT NULL,
    author_id bigint NOT NULL
);


ALTER TABLE public.contact_us OWNER TO postgres;

--
-- Name: contact_us_id_seq; Type: SEQUENCE; Schema: public; Owner: postgres
--

ALTER TABLE public.contact_us ALTER COLUMN id ADD GENERATED BY DEFAULT AS IDENTITY (
    SEQUENCE NAME public.contact_us_id_seq
    START WITH 1
    INCREMENT BY 1
    NO MINVALUE
    NO MAXVALUE
    CACHE 1
);


--
-- Name: contact_us_paragraphs; Type: TABLE; Schema: public; Owner: postgres
--

CREATE TABLE public.contact_us_paragraphs (
    id bigint NOT NULL,
    contactus_id bigint NOT NULL,
    paragraph_id bigint NOT NULL
);


ALTER TABLE public.contact_us_paragraphs OWNER TO postgres;

--
-- Name: contact_us_paragraphs_id_seq; Type: SEQUENCE; Schema: public; Owner: postgres
--

ALTER TABLE public.contact_us_paragraphs ALTER COLUMN id ADD GENERATED BY DEFAULT AS IDENTITY (
    SEQUENCE NAME public.contact_us_paragraphs_id_seq
    START WITH 1
    INCREMENT BY 1
    NO MINVALUE
    NO MAXVALUE
    CACHE 1
);


--
-- Name: contact_us_step_by_step_guide; Type: TABLE; Schema: public; Owner: postgres
--

CREATE TABLE public.contact_us_step_by_step_guide (
    id bigint NOT NULL,
    contactus_id bigint NOT NULL,
    stepbystepguid_id bigint NOT NULL
);


ALTER TABLE public.contact_us_step_by_step_guide OWNER TO postgres;

--
-- Name: contact_us_step_by_step_guide_id_seq; Type: SEQUENCE; Schema: public; Owner: postgres
--

ALTER TABLE public.contact_us_step_by_step_guide ALTER COLUMN id ADD GENERATED BY DEFAULT AS IDENTITY (
    SEQUENCE NAME public.contact_us_step_by_step_guide_id_seq
    START WITH 1
    INCREMENT BY 1
    NO MINVALUE
    NO MAXVALUE
    CACHE 1
);


--
-- Name: django_admin_log; Type: TABLE; Schema: public; Owner: postgres
--

CREATE TABLE public.django_admin_log (
    id integer NOT NULL,
    action_time timestamp with time zone NOT NULL,
    object_id text,
    object_repr character varying(200) NOT NULL,
    action_flag smallint NOT NULL,
    change_message text NOT NULL,
    content_type_id integer,
    user_id bigint NOT NULL,
    CONSTRAINT django_admin_log_action_flag_check CHECK ((action_flag >= 0))
);


ALTER TABLE public.django_admin_log OWNER TO postgres;

--
-- Name: django_admin_log_id_seq; Type: SEQUENCE; Schema: public; Owner: postgres
--

ALTER TABLE public.django_admin_log ALTER COLUMN id ADD GENERATED BY DEFAULT AS IDENTITY (
    SEQUENCE NAME public.django_admin_log_id_seq
    START WITH 1
    INCREMENT BY 1
    NO MINVALUE
    NO MAXVALUE
    CACHE 1
);


--
-- Name: django_content_type; Type: TABLE; Schema: public; Owner: postgres
--

CREATE TABLE public.django_content_type (
    id integer NOT NULL,
    app_label character varying(100) NOT NULL,
    model character varying(100) NOT NULL
);


ALTER TABLE public.django_content_type OWNER TO postgres;

--
-- Name: django_content_type_id_seq; Type: SEQUENCE; Schema: public; Owner: postgres
--

ALTER TABLE public.django_content_type ALTER COLUMN id ADD GENERATED BY DEFAULT AS IDENTITY (
    SEQUENCE NAME public.django_content_type_id_seq
    START WITH 1
    INCREMENT BY 1
    NO MINVALUE
    NO MAXVALUE
    CACHE 1
);


--
-- Name: django_migrations; Type: TABLE; Schema: public; Owner: postgres
--

CREATE TABLE public.django_migrations (
    id bigint NOT NULL,
    app character varying(255) NOT NULL,
    name character varying(255) NOT NULL,
    applied timestamp with time zone NOT NULL
);


ALTER TABLE public.django_migrations OWNER TO postgres;

--
-- Name: django_migrations_id_seq; Type: SEQUENCE; Schema: public; Owner: postgres
--

ALTER TABLE public.django_migrations ALTER COLUMN id ADD GENERATED BY DEFAULT AS IDENTITY (
    SEQUENCE NAME public.django_migrations_id_seq
    START WITH 1
    INCREMENT BY 1
    NO MINVALUE
    NO MAXVALUE
    CACHE 1
);


--
-- Name: django_session; Type: TABLE; Schema: public; Owner: postgres
--

CREATE TABLE public.django_session (
    session_key character varying(40) NOT NULL,
    session_data text NOT NULL,
    expire_date timestamp with time zone NOT NULL
);


ALTER TABLE public.django_session OWNER TO postgres;

--
-- Name: legal_clause; Type: TABLE; Schema: public; Owner: postgres
--

CREATE TABLE public.legal_clause (
    id bigint NOT NULL,
    clue_title character varying(255) NOT NULL,
    clue_content text NOT NULL,
    "order" integer NOT NULL,
    terms_and_conditions_id bigint NOT NULL,
    CONSTRAINT legal_clause_order_check CHECK (("order" >= 0))
);


ALTER TABLE public.legal_clause OWNER TO postgres;

--
-- Name: legal_clause_id_seq; Type: SEQUENCE; Schema: public; Owner: postgres
--

ALTER TABLE public.legal_clause ALTER COLUMN id ADD GENERATED BY DEFAULT AS IDENTITY (
    SEQUENCE NAME public.legal_clause_id_seq
    START WITH 1
    INCREMENT BY 1
    NO MINVALUE
    NO MAXVALUE
    CACHE 1
);


--
-- Name: legal_termsandconditions; Type: TABLE; Schema: public; Owner: postgres
--

CREATE TABLE public.legal_termsandconditions (
    id bigint NOT NULL,
    title character varying(255) NOT NULL,
    content text NOT NULL,
    date_created timestamp with time zone NOT NULL,
    date_updated timestamp with time zone NOT NULL
);


ALTER TABLE public.legal_termsandconditions OWNER TO postgres;

--
-- Name: legal_termsandconditions_id_seq; Type: SEQUENCE; Schema: public; Owner: postgres
--

ALTER TABLE public.legal_termsandconditions ALTER COLUMN id ADD GENERATED BY DEFAULT AS IDENTITY (
    SEQUENCE NAME public.legal_termsandconditions_id_seq
    START WITH 1
    INCREMENT BY 1
    NO MINVALUE
    NO MAXVALUE
    CACHE 1
);


--
-- Name: legal_useragreement; Type: TABLE; Schema: public; Owner: postgres
--

CREATE TABLE public.legal_useragreement (
    id bigint NOT NULL,
    agreed_date timestamp with time zone NOT NULL,
    terms_and_conditions_id bigint NOT NULL,
    user_id bigint NOT NULL
);


ALTER TABLE public.legal_useragreement OWNER TO postgres;

--
-- Name: legal_useragreement_id_seq; Type: SEQUENCE; Schema: public; Owner: postgres
--

ALTER TABLE public.legal_useragreement ALTER COLUMN id ADD GENERATED BY DEFAULT AS IDENTITY (
    SEQUENCE NAME public.legal_useragreement_id_seq
    START WITH 1
    INCREMENT BY 1
    NO MINVALUE
    NO MAXVALUE
    CACHE 1
);


--
-- Name: silk_profile; Type: TABLE; Schema: public; Owner: postgres
--

CREATE TABLE public.silk_profile (
    id integer NOT NULL,
    name character varying(300) NOT NULL,
    start_time timestamp with time zone NOT NULL,
    end_time timestamp with time zone,
    time_taken double precision,
    file_path character varying(300) NOT NULL,
    line_num integer,
    end_line_num integer,
    func_name character varying(300) NOT NULL,
    exception_raised boolean NOT NULL,
    dynamic boolean NOT NULL,
    request_id character varying(36)
);


ALTER TABLE public.silk_profile OWNER TO postgres;

--
-- Name: silk_profile_id_seq; Type: SEQUENCE; Schema: public; Owner: postgres
--

ALTER TABLE public.silk_profile ALTER COLUMN id ADD GENERATED BY DEFAULT AS IDENTITY (
    SEQUENCE NAME public.silk_profile_id_seq
    START WITH 1
    INCREMENT BY 1
    NO MINVALUE
    NO MAXVALUE
    CACHE 1
);


--
-- Name: silk_profile_queries; Type: TABLE; Schema: public; Owner: postgres
--

CREATE TABLE public.silk_profile_queries (
    id bigint NOT NULL,
    profile_id integer NOT NULL,
    sqlquery_id integer NOT NULL
);


ALTER TABLE public.silk_profile_queries OWNER TO postgres;

--
-- Name: silk_profile_queries_id_seq; Type: SEQUENCE; Schema: public; Owner: postgres
--

ALTER TABLE public.silk_profile_queries ALTER COLUMN id ADD GENERATED BY DEFAULT AS IDENTITY (
    SEQUENCE NAME public.silk_profile_queries_id_seq
    START WITH 1
    INCREMENT BY 1
    NO MINVALUE
    NO MAXVALUE
    CACHE 1
);


--
-- Name: silk_request; Type: TABLE; Schema: public; Owner: postgres
--

CREATE TABLE public.silk_request (
    id character varying(36) NOT NULL,
    path character varying(190) NOT NULL,
    query_params text NOT NULL,
    raw_body text NOT NULL,
    body text NOT NULL,
    method character varying(10) NOT NULL,
    start_time timestamp with time zone NOT NULL,
    view_name character varying(190),
    end_time timestamp with time zone,
    time_taken double precision,
    encoded_headers text NOT NULL,
    meta_time double precision,
    meta_num_queries integer,
    meta_time_spent_queries double precision,
    pyprofile text NOT NULL,
    num_sql_queries integer NOT NULL,
    prof_file character varying(300) NOT NULL
);


ALTER TABLE public.silk_request OWNER TO postgres;

--
-- Name: silk_response; Type: TABLE; Schema: public; Owner: postgres
--

CREATE TABLE public.silk_response (
    id character varying(36) NOT NULL,
    status_code integer NOT NULL,
    raw_body text NOT NULL,
    body text NOT NULL,
    encoded_headers text NOT NULL,
    request_id character varying(36) NOT NULL
);


ALTER TABLE public.silk_response OWNER TO postgres;

--
-- Name: silk_sqlquery; Type: TABLE; Schema: public; Owner: postgres
--

CREATE TABLE public.silk_sqlquery (
    id integer NOT NULL,
    query text NOT NULL,
    start_time timestamp with time zone,
    end_time timestamp with time zone,
    time_taken double precision,
    traceback text NOT NULL,
    request_id character varying(36),
    identifier integer NOT NULL,
    analysis text
);


ALTER TABLE public.silk_sqlquery OWNER TO postgres;

--
-- Name: silk_sqlquery_id_seq; Type: SEQUENCE; Schema: public; Owner: postgres
--

ALTER TABLE public.silk_sqlquery ALTER COLUMN id ADD GENERATED BY DEFAULT AS IDENTITY (
    SEQUENCE NAME public.silk_sqlquery_id_seq
    START WITH 1
    INCREMENT BY 1
    NO MINVALUE
    NO MAXVALUE
    CACHE 1
);


--
-- Name: step_by_step_guide_subsections; Type: TABLE; Schema: public; Owner: postgres
--

CREATE TABLE public.step_by_step_guide_subsections (
    id bigint NOT NULL,
    sbs_index smallint,
    blog_post_id bigint NOT NULL,
    parent_guide_id bigint NOT NULL,
    parent_subsection_id bigint,
    CONSTRAINT step_by_step_guide_subsections_sbs_index_check CHECK ((sbs_index >= 0))
);


ALTER TABLE public.step_by_step_guide_subsections OWNER TO postgres;

--
-- Name: step_by_step_guide_subsections_contact; Type: TABLE; Schema: public; Owner: postgres
--

CREATE TABLE public.step_by_step_guide_subsections_contact (
    id bigint NOT NULL,
    sbs_index smallint,
    blog_post_id bigint NOT NULL,
    parent_guide_id bigint NOT NULL,
    parent_subsection_id bigint,
    CONSTRAINT step_by_step_guide_subsections_contact_sbs_index_check CHECK ((sbs_index >= 0))
);


ALTER TABLE public.step_by_step_guide_subsections_contact OWNER TO postgres;

--
-- Name: step_by_step_guide_subsections_contact_id_seq; Type: SEQUENCE; Schema: public; Owner: postgres
--

ALTER TABLE public.step_by_step_guide_subsections_contact ALTER COLUMN id ADD GENERATED BY DEFAULT AS IDENTITY (
    SEQUENCE NAME public.step_by_step_guide_subsections_contact_id_seq
    START WITH 1
    INCREMENT BY 1
    NO MINVALUE
    NO MAXVALUE
    CACHE 1
);


--
-- Name: step_by_step_guide_subsections_contact_sub_headings_and_cond3d7; Type: TABLE; Schema: public; Owner: postgres
--

CREATE TABLE public.step_by_step_guide_subsections_contact_sub_headings_and_cond3d7 (
    id bigint NOT NULL,
    sbsguidesubsection_id bigint NOT NULL,
    subfields_id bigint NOT NULL
);


ALTER TABLE public.step_by_step_guide_subsections_contact_sub_headings_and_cond3d7 OWNER TO postgres;

--
-- Name: step_by_step_guide_subsections_contact_sub_headings_and__id_seq; Type: SEQUENCE; Schema: public; Owner: postgres
--

ALTER TABLE public.step_by_step_guide_subsections_contact_sub_headings_and_cond3d7 ALTER COLUMN id ADD GENERATED BY DEFAULT AS IDENTITY (
    SEQUENCE NAME public.step_by_step_guide_subsections_contact_sub_headings_and__id_seq
    START WITH 1
    INCREMENT BY 1
    NO MINVALUE
    NO MAXVALUE
    CACHE 1
);


--
-- Name: step_by_step_guide_subsections_id_seq; Type: SEQUENCE; Schema: public; Owner: postgres
--

ALTER TABLE public.step_by_step_guide_subsections ALTER COLUMN id ADD GENERATED BY DEFAULT AS IDENTITY (
    SEQUENCE NAME public.step_by_step_guide_subsections_id_seq
    START WITH 1
    INCREMENT BY 1
    NO MINVALUE
    NO MAXVALUE
    CACHE 1
);


--
-- Name: step_by_step_guide_subsections_sub_headings_and_contents; Type: TABLE; Schema: public; Owner: postgres
--

CREATE TABLE public.step_by_step_guide_subsections_sub_headings_and_contents (
    id bigint NOT NULL,
    sbsguidesubsection_id bigint NOT NULL,
    subfields_id bigint NOT NULL
);


ALTER TABLE public.step_by_step_guide_subsections_sub_headings_and_contents OWNER TO postgres;

--
-- Name: step_by_step_guide_subsections_sub_headings_and_contents_id_seq; Type: SEQUENCE; Schema: public; Owner: postgres
--

ALTER TABLE public.step_by_step_guide_subsections_sub_headings_and_contents ALTER COLUMN id ADD GENERATED BY DEFAULT AS IDENTITY (
    SEQUENCE NAME public.step_by_step_guide_subsections_sub_headings_and_contents_id_seq
    START WITH 1
    INCREMENT BY 1
    NO MINVALUE
    NO MAXVALUE
    CACHE 1
);


--
-- Name: step_by_step_guides; Type: TABLE; Schema: public; Owner: postgres
--

CREATE TABLE public.step_by_step_guides (
    id bigint NOT NULL,
    sbs_guide_number smallint,
    main_heading character varying(255),
    main_content text,
    blog_post_id bigint NOT NULL,
    CONSTRAINT step_by_step_guides_sbs_guide_number_check CHECK ((sbs_guide_number >= 0))
);


ALTER TABLE public.step_by_step_guides OWNER TO postgres;

--
-- Name: step_by_step_guides_contact; Type: TABLE; Schema: public; Owner: postgres
--

CREATE TABLE public.step_by_step_guides_contact (
    id bigint NOT NULL,
    sbs_guide_number smallint,
    main_heading character varying(255),
    main_content text,
    blog_post_id bigint NOT NULL,
    CONSTRAINT step_by_step_guides_contact_sbs_guide_number_check CHECK ((sbs_guide_number >= 0))
);


ALTER TABLE public.step_by_step_guides_contact OWNER TO postgres;

--
-- Name: step_by_step_guides_contact_id_seq; Type: SEQUENCE; Schema: public; Owner: postgres
--

ALTER TABLE public.step_by_step_guides_contact ALTER COLUMN id ADD GENERATED BY DEFAULT AS IDENTITY (
    SEQUENCE NAME public.step_by_step_guides_contact_id_seq
    START WITH 1
    INCREMENT BY 1
    NO MINVALUE
    NO MAXVALUE
    CACHE 1
);


--
-- Name: step_by_step_guides_contact_sub_fields_section; Type: TABLE; Schema: public; Owner: postgres
--

CREATE TABLE public.step_by_step_guides_contact_sub_fields_section (
    id bigint NOT NULL,
    stepbystepguid_id bigint NOT NULL,
    sbsguidesubsection_id bigint NOT NULL
);


ALTER TABLE public.step_by_step_guides_contact_sub_fields_section OWNER TO postgres;

--
-- Name: step_by_step_guides_contact_sub_fields_section_id_seq; Type: SEQUENCE; Schema: public; Owner: postgres
--

ALTER TABLE public.step_by_step_guides_contact_sub_fields_section ALTER COLUMN id ADD GENERATED BY DEFAULT AS IDENTITY (
    SEQUENCE NAME public.step_by_step_guides_contact_sub_fields_section_id_seq
    START WITH 1
    INCREMENT BY 1
    NO MINVALUE
    NO MAXVALUE
    CACHE 1
);


--
-- Name: step_by_step_guides_id_seq; Type: SEQUENCE; Schema: public; Owner: postgres
--

ALTER TABLE public.step_by_step_guides ALTER COLUMN id ADD GENERATED BY DEFAULT AS IDENTITY (
    SEQUENCE NAME public.step_by_step_guides_id_seq
    START WITH 1
    INCREMENT BY 1
    NO MINVALUE
    NO MAXVALUE
    CACHE 1
);


--
-- Name: step_by_step_guides_sub_fields_section; Type: TABLE; Schema: public; Owner: postgres
--

CREATE TABLE public.step_by_step_guides_sub_fields_section (
    id bigint NOT NULL,
    blogstepbystepguide_id bigint NOT NULL,
    sbsguidesubsection_id bigint NOT NULL
);


ALTER TABLE public.step_by_step_guides_sub_fields_section OWNER TO postgres;

--
-- Name: step_by_step_guides_sub_fields_section_id_seq; Type: SEQUENCE; Schema: public; Owner: postgres
--

ALTER TABLE public.step_by_step_guides_sub_fields_section ALTER COLUMN id ADD GENERATED BY DEFAULT AS IDENTITY (
    SEQUENCE NAME public.step_by_step_guides_sub_fields_section_id_seq
    START WITH 1
    INCREMENT BY 1
    NO MINVALUE
    NO MAXVALUE
    CACHE 1
);


--
-- Data for Name: ContactUs_paragraph; Type: TABLE DATA; Schema: public; Owner: postgres
--

COPY public."ContactUs_paragraph" (id, paragraph_title, paragraph_content, "order", contact_us_id) FROM stdin;
1	Looking to advertise?	Well+Good works hand-in-hand with each of our partners to ensure their creative messaging resonates best with our audience. From editorial alignments, to custom content solutions, to social and email strategy, to live (or, ahem, virtual!) events, our sales and creative teams will help you generate some major good vibes in the wellness space. Visit our advertising page or write us at advertising@wellandgood.com.	0	1
2	Are you a publicist looking for coverage of your product or client?	Please contact the appropriate editor below. Note that due to the volume of pitches we receive each day, we may not be able to respond to every request.	0	1
3	Are you a journalist or a writer who wants to contribute to Well+Good?	You can find our complete pitching guidelines here.	0	1
4	Do you have a media request?	Write us at com.qandeelhaider@gmail.com	0	1
5	Do you have a question regarding your subscription to a Well+Good newsletter?	Please send an email to hello@wellandgood.com.	0	1
6	Are you looking to license or reuse content published by Well+Good?	Contact our official partner, Wright’s Media about available usages, license fees, and award seal artwork at LeafGroup@wrightsmedia.com. Please note that Wright’s Media is the only authorized company that can provide Leaf Group brand materials.”	0	1
7	Due to the COVID-19 pandemic, we are not currently accepting unsolicited packages by mail.		0	1
\.


--
-- Data for Name: ContactUs_subfields; Type: TABLE DATA; Schema: public; Owner: postgres
--

COPY public."ContactUs_subfields" (id, sub_index, sub_heading, sub_content, sbs_guide_sub_section_id) FROM stdin;
\.


--
-- Data for Name: UserManagement_user; Type: TABLE DATA; Schema: public; Owner: postgres
--

COPY public."UserManagement_user" (id, password, last_login, email, first_name, last_name, tc, is_active, is_admin, created_at, updated_at) FROM stdin;
1	pbkdf2_sha256$390000$Fu6FFOvj5cXEE0oGSIJVIT$OBHS+BjOc51mynFwu/jWOXNJXNMGqTDV7n0ywbzoOsY=	2023-03-18 13:29:31.140081+00	com.qandeelhaider@gmail.com	qandeel	haider	t	t	t	2023-03-18 13:29:25.392732+00	2023-03-18 13:29:25.395485+00
\.


--
-- Data for Name: UserProfile_role; Type: TABLE DATA; Schema: public; Owner: postgres
--

COPY public."UserProfile_role" (id, role_name) FROM stdin;
\.


--
-- Data for Name: UserProfile_userprofile; Type: TABLE DATA; Schema: public; Owner: postgres
--

COPY public."UserProfile_userprofile" (id, bio, profile_image, country, city, twitter_acc, facebook_acc, instagram_acc, role_id, user_id) FROM stdin;
\.


--
-- Data for Name: auth_group; Type: TABLE DATA; Schema: public; Owner: postgres
--

COPY public.auth_group (id, name) FROM stdin;
\.


--
-- Data for Name: auth_group_permissions; Type: TABLE DATA; Schema: public; Owner: postgres
--

COPY public.auth_group_permissions (id, group_id, permission_id) FROM stdin;
\.


--
-- Data for Name: auth_permission; Type: TABLE DATA; Schema: public; Owner: postgres
--

COPY public.auth_permission (id, name, content_type_id, codename) FROM stdin;
1	Can add log entry	1	add_logentry
2	Can change log entry	1	change_logentry
3	Can delete log entry	1	delete_logentry
4	Can view log entry	1	view_logentry
5	Can add permission	2	add_permission
6	Can change permission	2	change_permission
7	Can delete permission	2	delete_permission
8	Can view permission	2	view_permission
9	Can add group	3	add_group
10	Can change group	3	change_group
11	Can delete group	3	delete_group
12	Can view group	3	view_group
13	Can add content type	4	add_contenttype
14	Can change content type	4	change_contenttype
15	Can delete content type	4	delete_contenttype
16	Can view content type	4	view_contenttype
17	Can add session	5	add_session
18	Can change session	5	change_session
19	Can delete session	5	delete_session
20	Can view session	5	view_session
21	Can add profile	6	add_profile
22	Can change profile	6	change_profile
23	Can delete profile	6	delete_profile
24	Can view profile	6	view_profile
25	Can add request	7	add_request
26	Can change request	7	change_request
27	Can delete request	7	delete_request
28	Can view request	7	view_request
29	Can add response	8	add_response
30	Can change response	8	change_response
31	Can delete response	8	delete_response
32	Can view response	8	view_response
33	Can add sql query	9	add_sqlquery
34	Can change sql query	9	change_sqlquery
35	Can delete sql query	9	delete_sqlquery
36	Can view sql query	9	view_sqlquery
37	Can add user	10	add_user
38	Can change user	10	change_user
39	Can delete user	10	delete_user
40	Can view user	10	view_user
41	Can add BlogParagraph	11	add_blogparagraph
42	Can change BlogParagraph	11	change_blogparagraph
43	Can delete BlogParagraph	11	delete_blogparagraph
44	Can view BlogParagraph	11	view_blogparagraph
45	Can add blog post	12	add_blogpost
46	Can change blog post	12	change_blogpost
47	Can delete blog post	12	delete_blogpost
48	Can view blog post	12	view_blogpost
49	Can add blog post image	13	add_blogpostimage
50	Can change blog post image	13	change_blogpostimage
51	Can delete blog post image	13	delete_blogpostimage
52	Can view blog post image	13	view_blogpostimage
53	Can add step-by-step guide	14	add_blogstepbystepguide
54	Can change step-by-step guide	14	change_blogstepbystepguide
55	Can delete step-by-step guide	14	delete_blogstepbystepguide
56	Can view step-by-step guide	14	view_blogstepbystepguide
57	Can add category	15	add_category
58	Can change category	15	change_category
59	Can delete category	15	delete_category
60	Can view category	15	view_category
61	Can add comment	16	add_comment
62	Can change comment	16	change_comment
63	Can delete comment	16	delete_comment
64	Can view comment	16	view_comment
65	Can add step-by-step guide subsection	17	add_sbsguidesubsection
66	Can change step-by-step guide subsection	17	change_sbsguidesubsection
67	Can delete step-by-step guide subsection	17	delete_sbsguidesubsection
68	Can view step-by-step guide subsection	17	view_sbsguidesubsection
69	Can add sub fields	18	add_subfields
70	Can change sub fields	18	change_subfields
71	Can delete sub fields	18	delete_subfields
72	Can view sub fields	18	view_subfields
73	Can add reply	19	add_reply
74	Can change reply	19	change_reply
75	Can delete reply	19	delete_reply
76	Can view reply	19	view_reply
77	Can add terms and conditions	20	add_termsandconditions
78	Can change terms and conditions	20	change_termsandconditions
79	Can delete terms and conditions	20	delete_termsandconditions
80	Can view terms and conditions	20	view_termsandconditions
81	Can add user agreement	21	add_useragreement
82	Can change user agreement	21	change_useragreement
83	Can delete user agreement	21	delete_useragreement
84	Can view user agreement	21	view_useragreement
85	Can add clause	22	add_clause
86	Can change clause	22	change_clause
87	Can delete clause	22	delete_clause
88	Can view clause	22	view_clause
89	Can add step-by-step guide	23	add_stepbystepguid
90	Can change step-by-step guide	23	change_stepbystepguid
91	Can delete step-by-step guide	23	delete_stepbystepguid
92	Can view step-by-step guide	23	view_stepbystepguid
93	Can add sub fields	24	add_subfields
94	Can change sub fields	24	change_subfields
95	Can delete sub fields	24	delete_subfields
96	Can view sub fields	24	view_subfields
97	Can add paragraph	25	add_paragraph
98	Can change paragraph	25	change_paragraph
99	Can delete paragraph	25	delete_paragraph
100	Can view paragraph	25	view_paragraph
101	Can add contact us	26	add_contactus
102	Can change contact us	26	change_contactus
103	Can delete contact us	26	delete_contactus
104	Can view contact us	26	view_contactus
105	Can add step-by-step guide subsection	27	add_sbsguidesubsection
106	Can change step-by-step guide subsection	27	change_sbsguidesubsection
107	Can delete step-by-step guide subsection	27	delete_sbsguidesubsection
108	Can view step-by-step guide subsection	27	view_sbsguidesubsection
109	Can add role	28	add_role
110	Can change role	28	change_role
111	Can delete role	28	delete_role
112	Can view role	28	view_role
113	Can add user profile	29	add_userprofile
114	Can change user profile	29	change_userprofile
115	Can delete user profile	29	delete_userprofile
116	Can view user profile	29	view_userprofile
117	Can add topic type	30	add_topictype
118	Can change topic type	30	change_topictype
119	Can delete topic type	30	delete_topictype
120	Can view topic type	30	view_topictype
\.


--
-- Data for Name: blog_blogparagraph; Type: TABLE DATA; Schema: public; Owner: postgres
--

COPY public.blog_blogparagraph (id, paragraph_title, paragraph_content, "order", blog_post_id) FROM stdin;
1	What happened when I tried it	The cream comes in a rose-gold accented tube with instructions to apply daily using “Charlotte’s magic massage technique”—placing the product on the palm of your hand and applying in upward, sweeping motions. The cream is lush but not heavy, so it goes on more smoothly and evenly than many creams I’ve tried. Within seconds of application, the promised “magic” occurred. The cream created an ever-so-light layer on my skin that made it feel supple and soft, with just the right hint of glow. I literally kept touching my arms throughout the day because I loved how buttery-smooth they felt. \\n\r\n\r\nAfter a couple weeks of using the Charlotte Tilbury Magic Body Cream, my skin continues to feel smooth, moisturized, and firmer, and I’m looking forward to seeing if further use will improve my cellulite. One side note: If you use the cream daily, you’ll likely go through the 200-milliliter tube within a month, so how often you apply might depend on your skin-care budget. \\n\r\n\r\nEven if you’re not walking the red carpet, you can do what I’ll be doing—using the cream to bring a little “magic” to your skin on the nights you want to shine.	0	1
\.


--
-- Data for Name: blog_blogpostimage; Type: TABLE DATA; Schema: public; Owner: postgres
--

COPY public.blog_blogpostimage (id, images) FROM stdin;
\.


--
-- Data for Name: blog_category; Type: TABLE DATA; Schema: public; Owner: postgres
--

COPY public.blog_category (id, category_name) FROM stdin;
1	SKIN-CARE TIPS
\.


--
-- Data for Name: blog_comment; Type: TABLE DATA; Schema: public; Owner: postgres
--

COPY public.blog_comment (id, created_date, updated_at, comment_text, author_id, post_id) FROM stdin;
\.


--
-- Data for Name: blog_posts; Type: TABLE DATA; Schema: public; Owner: postgres
--

COPY public.blog_posts (id, title, slug, cover_image, quote, quote_writer, created_at, updated_at, most_recent_posts, featured_posts, older_posts, author_id, category_id, content, topic_type_id) FROM stdin;
1	A Jar of this ‘Magic’ Cream Sells Every Minute—Here’s What Happened When I Tried the New, Firming Bo	a-jar-of-majic	blog-images/Stocksy_txp75a2d9f3x5f300_Medium_4668484_1170x676_true_75_9f8umOs.webp	\N	\N	2023-03-18 13:33:05+00	2023-03-18 13:35:30.432631+00	t	f	f	1	1	London-born celebrity makeup artist Charlotte Tilbury is known for delivering red-carpet-worthy glamour to legions of loyal followers—or “darlings,” as she calls them—through her eponymous makeup and skin-care line. One of the “stars” of the lineup is the award-winning Magic Cream Moisturizer ($100). A jar of the stuff sells every minute, and many of its fans (including Charlotte herself), have been so pleased with the facial product that they didn’t want the rest of their bodies to miss out.\r\n\r\n“So many people used it not only on their faces, but their arms, shoulders, and legs,” says celebrity makeup artist (and Charlotte’s niece) Sofia Tilbury. “Charlotte herself would carry a travel-size Magic Cream with her to moisturize her hands on the go, and she even released her XL 150 milliliter Magic Cream jar to supersize everyone’s skin care.”\r\nFor years, Sofia says fans have been asking Charlotte to create a body cream with the same transformative benefits and instant glow of the moisturizer. Well, “darlings,” the wait is over thanks to the newly launched Charlotte Tilbury Magic Body Cream ($65). The cream hydrates, smooths, and lifts using the same hero ingredients as the iconic moisturizer—along with some new additions to the formula.\r\n\r\n“We worked closely with the labs to formulate a body cream that could give the same effect that Magic Cream is loved around the world for: immediate skin revival without being heavy or greasy with a hydrated, nourished, radiant glow from head to toe,” says Sofia. “Magic Body Cream has the same Magic 8 matrix as Magic Cream including hyaluronic acid, vitamins C and E, and shea butter, plus new body-targeted actives to help reduce the look of stretch marks and cellulite for brighter, tighter, more toned-looking skin \\n over time.” \\n In just eight weeks, the cream is clinically proven to make skin look and feel 40 percent firmer thanks to ingredients such as caffeine, known to tighten and brighten skin, and Algaktive Uplift Technology, derived from an antioxidant-rich algae.\r\n\r\nPart of the cream’s (literal) magic is it delivers certain results really quickly. “Magic Body Cream boosts hydration in just 28 seconds thanks to hyaluronic acid to effectively deliver water to the skin and instantly hydrate it, whilst the shea butter and oils in the formula act as smoothing emollients that help to soften the feel of skin to lock in that hydration,” says Sofia.\r\n\r\nThe cream’s delivery of immediate benefits—nearly all testers agreed it instantly shaped the appearance of body contours—made it a celebrity staple even before the official release. “We’ve been using it on every runway and red carpet in secret for months from Paris Fashion Week to the Golden Globes and all our celebrity clients, from Lily James to Michaela Jaé Rodriguez, are obsessed,” says Tilbury. (Just days after launch, the cream was sported by celebs on the Oscars’ red carpet as well.)	\N
\.


--
-- Data for Name: blog_posts_paragraphs; Type: TABLE DATA; Schema: public; Owner: postgres
--

COPY public.blog_posts_paragraphs (id, blogpost_id, blogparagraph_id) FROM stdin;
\.


--
-- Data for Name: blog_posts_post_images; Type: TABLE DATA; Schema: public; Owner: postgres
--

COPY public.blog_posts_post_images (id, blogpost_id, blogpostimage_id) FROM stdin;
\.


--
-- Data for Name: blog_posts_step_by_step_guide; Type: TABLE DATA; Schema: public; Owner: postgres
--

COPY public.blog_posts_step_by_step_guide (id, blogpost_id, blogstepbystepguide_id) FROM stdin;
\.


--
-- Data for Name: blog_reply; Type: TABLE DATA; Schema: public; Owner: postgres
--

COPY public.blog_reply (id, created_at, updated_at, reply_text, author_id, comment_id_id) FROM stdin;
\.


--
-- Data for Name: blog_subfields; Type: TABLE DATA; Schema: public; Owner: postgres
--

COPY public.blog_subfields (id, sub_index, sub_heading, sub_content, sbs_guide_sub_section_id) FROM stdin;
\.


--
-- Data for Name: blog_topictype; Type: TABLE DATA; Schema: public; Owner: postgres
--

COPY public.blog_topictype (id, topic) FROM stdin;
\.


--
-- Data for Name: contact_us; Type: TABLE DATA; Schema: public; Owner: postgres
--

COPY public.contact_us (id, title, content, created_at, updated_at, author_id) FROM stdin;
1	Contact Us		2023-03-18 23:42:35+00	2023-03-18 23:51:08.773597+00	1
\.


--
-- Data for Name: contact_us_paragraphs; Type: TABLE DATA; Schema: public; Owner: postgres
--

COPY public.contact_us_paragraphs (id, contactus_id, paragraph_id) FROM stdin;
\.


--
-- Data for Name: contact_us_step_by_step_guide; Type: TABLE DATA; Schema: public; Owner: postgres
--

COPY public.contact_us_step_by_step_guide (id, contactus_id, stepbystepguid_id) FROM stdin;
\.


--
-- Data for Name: django_admin_log; Type: TABLE DATA; Schema: public; Owner: postgres
--

COPY public.django_admin_log (id, action_time, object_id, object_repr, action_flag, change_message, content_type_id, user_id) FROM stdin;
1	2023-03-18 13:30:40.593489+00	1	SKIN-CARE TIPS	1	[{"added": {}}]	15	1
2	2023-03-18 13:35:30.439595+00	1	A Jar of this ‘Magic’ Cream Sells Every Minute—Here’s What Happened When I Tried the New, Firming Bo	1	[{"added": {}}, {"added": {"name": "BlogParagraph", "object": "What happened when I tried it"}}]	12	1
3	2023-03-18 13:46:43.731255+00	1	What happened when I tried it	2	[{"changed": {"fields": ["Order"]}}]	11	1
4	2023-03-18 13:49:34.610493+00	1	What happened when I tried it	2	[{"changed": {"fields": ["Order"]}}]	11	1
5	2023-03-18 14:25:01.214433+00	2	Terms And Conditions	1	[{"added": {}}, {"added": {"name": "clause", "object": "User Content"}}, {"added": {"name": "clause", "object": "Restrictions On Use of Material"}}, {"added": {"name": "clause", "object": "Unsolicited Materials"}}, {"added": {"name": "clause", "object": "User\\u2019s Grant Of Limited License"}}, {"added": {"name": "clause", "object": "Linked Sites"}}, {"added": {"name": "clause", "object": "Contests, Promotions, Simulations or Games"}}, {"added": {"name": "clause", "object": "Advertising Policy, Affiliate Disclosure and Third Party Websites"}}, {"added": {"name": "clause", "object": "Intellectual Property Rights"}}, {"added": {"name": "clause", "object": "Parental Permission"}}, {"added": {"name": "clause", "object": "#iamwellandgood FOOD Recipe Submissions"}}]	20	1
6	2023-03-18 23:51:08.779623+00	1	Contact Us	1	[{"added": {}}, {"added": {"name": "paragraph", "object": "Looking to advertise?"}}, {"added": {"name": "paragraph", "object": "Are you a publicist looking for coverage of your product or client?"}}, {"added": {"name": "paragraph", "object": "Are you a journalist or a writer who wants to contribute to Well+Good?"}}, {"added": {"name": "paragraph", "object": "Do you have a media request?"}}, {"added": {"name": "paragraph", "object": "Do you have a question regarding your subscription to a Well+Good newsletter?"}}, {"added": {"name": "paragraph", "object": "Are you looking to license or reuse content published by Well+Good?"}}, {"added": {"name": "paragraph", "object": "Due to the COVID-19 pandemic, we are not currently accepting unsolicited packages by mail."}}]	26	1
\.


--
-- Data for Name: django_content_type; Type: TABLE DATA; Schema: public; Owner: postgres
--

COPY public.django_content_type (id, app_label, model) FROM stdin;
1	admin	logentry
2	auth	permission
3	auth	group
4	contenttypes	contenttype
5	sessions	session
6	silk	profile
7	silk	request
8	silk	response
9	silk	sqlquery
10	UserManagement	user
11	blog	blogparagraph
12	blog	blogpost
13	blog	blogpostimage
14	blog	blogstepbystepguide
15	blog	category
16	blog	comment
17	blog	sbsguidesubsection
18	blog	subfields
19	blog	reply
20	legal	termsandconditions
21	legal	useragreement
22	legal	clause
23	ContactUs	stepbystepguid
24	ContactUs	subfields
25	ContactUs	paragraph
26	ContactUs	contactus
27	ContactUs	sbsguidesubsection
28	UserProfile	role
29	UserProfile	userprofile
30	blog	topictype
\.


--
-- Data for Name: django_migrations; Type: TABLE DATA; Schema: public; Owner: postgres
--

COPY public.django_migrations (id, app, name, applied) FROM stdin;
1	UserManagement	0001_initial	2023-03-18 13:28:21.655719+00
2	blog	0001_initial	2023-03-18 13:28:26.001922+00
3	contenttypes	0001_initial	2023-03-18 13:28:27.847188+00
4	admin	0001_initial	2023-03-18 13:28:27.974795+00
5	admin	0002_logentry_remove_auto_add	2023-03-18 13:28:27.985448+00
6	admin	0003_logentry_add_action_flag_choices	2023-03-18 13:28:27.996205+00
7	contenttypes	0002_remove_content_type_name	2023-03-18 13:28:28.028328+00
8	auth	0001_initial	2023-03-18 13:28:28.161698+00
9	auth	0002_alter_permission_name_max_length	2023-03-18 13:28:28.212135+00
10	auth	0003_alter_user_email_max_length	2023-03-18 13:28:28.230521+00
11	auth	0004_alter_user_username_opts	2023-03-18 13:28:28.242954+00
12	auth	0005_alter_user_last_login_null	2023-03-18 13:28:28.25873+00
13	auth	0006_require_contenttypes_0002	2023-03-18 13:28:28.262316+00
14	auth	0007_alter_validators_add_error_messages	2023-03-18 13:28:28.273448+00
15	auth	0008_alter_user_username_max_length	2023-03-18 13:28:28.345766+00
16	auth	0009_alter_user_last_name_max_length	2023-03-18 13:28:28.366637+00
17	auth	0010_alter_group_name_max_length	2023-03-18 13:28:28.391847+00
18	auth	0011_update_proxy_permissions	2023-03-18 13:28:28.441318+00
19	auth	0012_alter_user_first_name_max_length	2023-03-18 13:28:28.452868+00
20	legal	0001_initial	2023-03-18 13:28:28.579178+00
21	sessions	0001_initial	2023-03-18 13:28:28.601369+00
22	silk	0001_initial	2023-03-18 13:28:28.775003+00
23	silk	0002_auto_update_uuid4_id_field	2023-03-18 13:28:28.787005+00
24	silk	0003_request_prof_file	2023-03-18 13:28:28.799719+00
25	silk	0004_request_prof_file_storage	2023-03-18 13:28:28.812295+00
26	silk	0005_increase_request_prof_file_length	2023-03-18 13:28:28.849265+00
27	silk	0006_fix_request_prof_file_blank	2023-03-18 13:28:28.87255+00
28	silk	0007_sqlquery_identifier	2023-03-18 13:28:28.885064+00
29	silk	0008_sqlquery_analysis	2023-03-18 13:28:28.897542+00
30	blog	0002_blogpost_content	2023-03-18 13:33:00.908068+00
31	blog	0003_alter_blogparagraph_options_and_more	2023-03-18 13:49:16.801136+00
32	ContactUs	0001_initial	2023-03-18 23:29:26.837958+00
33	ContactUs	0002_rename_blog_post_paragraph_contact_us_and_more	2023-03-18 23:35:09.501984+00
34	UserProfile	0001_initial	2023-03-19 01:26:22.899626+00
35	blog	0004_topictype_blogpost_topic_type	2023-03-19 01:47:04.30005+00
\.


--
-- Data for Name: django_session; Type: TABLE DATA; Schema: public; Owner: postgres
--

COPY public.django_session (session_key, session_data, expire_date) FROM stdin;
k2rqtqswqcl2dbus80ril42vk90n65f2	.eJxVjEEOwiAQRe_C2hCgAxSX7j0DmRlAqoYmpV0Z765NutDtf-_9l4i4rTVuPS9xSuIstDj9boT8yG0H6Y7tNkue27pMJHdFHrTL65zy83K4fwcVe_3WZJzKSMEmDYB5CF4RsPJFlSGPZAJR8mQ1hBIUpxE0s2VnGICYnBbvD_CAOFI:1pdWcl:jgo8sD224FZ5dRCqfiillcOCI-F0_kJwRsonU1OPwiA	2023-04-01 13:29:31.142494+00
\.


--
-- Data for Name: legal_clause; Type: TABLE DATA; Schema: public; Owner: postgres
--

COPY public.legal_clause (id, clue_title, clue_content, "order", terms_and_conditions_id) FROM stdin;
11	User Content	This Web Site and any communications service, including the capability to contribute material through the contribution form (each such submission, a ” Contribution”), chat room, message board, newsgroup, or other interactive service that may be available to you on or through this site (collectively, the “Services”) are provided to you solely for entertainment purposes. By using the Web Site and Services you agree: (a) to provide true, accurate, current and complete information about yourself as prompted by the subscription form, contribution form and any registration form. If any information provided by you is untrue, inaccurate, not current or incomplete, Well+Good reserves the right to terminate your subscription and refuse any and all current or future use of the Services.\r\n\r\nWithout limitation of the foregoing, you agree to not use the Web Site or Services to:\r\n\r\n* Upload, post, publish, email, reproduce, distribute or otherwise transmit any information, data, text, music, sound, photographs, graphics, video, messages or other materials, including any Contribution, (collectively, ” Content”), that is unlawful, harmful, threatening, embarrassing, abusive, harassing, defamatory, vulgar, obscene, libelous, deceptive, fraudulent, contains explicit or graphic descriptions or accounts of sexual acts, invasive of another’s privacy, or hateful;\r\n* “Stalk” another;\r\n* Upload, post, publish, email, reproduce, distribute or otherwise transmit any Content that victimizes, harasses, degrades, or intimidates an individual or group of individuals on the basis of religion, gender, sexual orientation, race, ethnicity, age, or disability;\r\n* Harm minors in any way;\r\n* Impersonate any person or entity, including, but not limited to, a Well+Good official, or falsely state or otherwise misrepresent your affiliation with a person or entity;\r\n* Forge headers or otherwise manipulate identifiers in order to disguise the origin of any Content transmitted to or through the Web Site;\r\n* Upload, post, publish, email, reproduce, distribute or otherwise transmit any Content that you do not have a right to transmit under any law or under contractual or fiduciary relationships (such as inside information, proprietary and confidential information learned or disclosed as part of employment relationships or under nondisclosure agreements);\r\n* Upload, post, publish, email, reproduce, distribute or otherwise transmit any Content that infringes any patent, trademark, trade secret, copyright or other proprietary rights of any party;\r\n* Upload, post, publish, email, reproduce, distribute or otherwise transmit any unsolicited or unauthorized advertising, promotional materials, “junk mail,” “Spam,” “chain letters,” “pyramid schemes,” or any other form of solicitation;\r\n* Upload, post, publish, email, reproduce, distribute or otherwise transmit any material that contains software viruses, Trojan horses, worms, time bombs, cancelbots, or any other computer code, files or programs designed to interrupt, destroy, or limit the functionality of any computer software or hardware or telecommunications equipment or any other similarly destructive activity, or surreptitiously intercept or expropriate any system, data or personal information;\r\n* Act in a manner that negatively affects other users’ ability to engage in the Web Site or Services;\r\n* Engage in any activity that is contrary to or which would adversely affect the purpose or intention of the Web Site or Services, including but not limited to, actually or attempting to manipulate, corrupt or otherwise affect the outcome of the Services, in whole or part, by, among other methods, subscribing another party without their authorization or registering multiple subscriptions under the same or different names;\r\n* Interfere with or disrupt the Service or servers or networks connected to the Service, or disobey any requirements, procedures, policies or regulations of networks connected to the Service; or\r\n* Intentionally or unintentionally violate any applicable local, state, national or international law.\r\n\r\nYou also agree that you will not harvest, collect or store information about the users of this Web Site or the Content posted by others on this Web Site or use such information for any purpose inconsistent with the purpose of this Web Site or for the purpose of transmitting or facilitating transmission of unsolicited bulk electronic mail or communications.\r\n\r\nYou acknowledge that Well+Good is not responsible for material submitted to Well+Good or posted to the Web Site by users. Well+Good does not pre-screen, monitor, review or edit the Content posted by users. However, Well+Good and its designees have the right (but not the obligation) at their sole discretion to refuse or remove any Content, in whole or part, that, in Well+Good’s judgment, does not comply with these Terms and Conditions or is otherwise undesirable, inappropriate or inaccurate. Well+Good is not responsible for any failure, non-failure or delay in removing such Content. You will remain responsible for the accuracy, copyright compliance, legality, decency, or any other aspect of such submitted material, including any Contribution or part thereof, or other communication to Well+Good. You agree to immediately notify Well+Good of any unauthorized use of the Service or any other breach of security known or suspected by you.\r\nYou acknowledge and agree that Well+Good may preserve Content and may also disclose Content if required to do so by law or in the good faith belief that such preservation or disclosure is reasonably necessary to: (a) comply with legal process; (b) enforce these Terms and Conditions; (c) respond to claims that any Content violates the rights of third-parties; or (d) protect the rights, property, or personal safety of Well+Good, its users or the public.\r\nYou understand that the technical processing and transmission of the Web Site, including your Content, may involve (a) transmissions over various networks; and (b) changes to conform and adapt to technical requirements of connecting networks or devices. Well+Good assumes no responsibility for the deletion or failure to store postings, Contributions or other information submitted by you or other users to www.wellandgoodnyc.com.\r\n\r\nAny or all Content on the Web Site may be purged periodically in Well+Good’s sole discretion. You acknowledge and agree that Content you view, submit or post is at your own discretion and risk, including any reliance on the accuracy, completeness, or usefulness of such Content. You acknowledge that you may not rely on any information, data, text, music, sound, photographs, graphics, video, messages or other materials created by Well+Good or submitted to Well+Good, including Content. You further acknowledge and agree that the views expressed on the Web Site do not necessarily reflect the views of Well+Good, and Well+Good does not support or endorse Content (including any Contribution, whether or not edited by Well+Good or its designee or presented on the Web Site edited or unedited, in whole or in part, or alone or with other content) posted or submitted by you or any User.	0	2
12	Restrictions On Use of Material	The content on this Web Site is intended for entertainment purposes only. Except as expressly permitted, you agree not to use the Web Site for sale, trade or other commercial purposes, and, you may not modify, copy, publish, display, transmit, adapt or in any way exploit the content of the Web Site. Only if you obtain prior written consent from us — and from all other entities with an interest in the relevant intellectual property — may you publish, display or commercially exploit any material from the Web Site. To seek our permission, you may write to us at our address provided below. If permission is granted by us and by all other entities with an interest in the relevant intellectual property, you may not change or delete any author attribution, trademark, legend or copyright notice.\r\nYou must abide by all additional copyright notices or other restrictions contained on the Web Site.	1	2
13	Unsolicited Materials	In operating this site, Well+Good does not solicit nor does it wish to receive any confidential, secret or proprietary information or other material from you through the Web Site or Well+Good mail and email addresses, or in any other way. Any information or material submitted or sent to Well+Good, will be deemed not to be confidential or secret. By submitting or sending information or other material to Well+Good you represent and warrant that the information is original to you and that no other party has any rights to the material.	2	2
14	User’s Grant Of Limited License	By communicating with Well+Good, including submitting or sending Content, a Contribution or other information or material to www.wellandgoodnyc.com, you grant Well+Good the royalty-free, unrestricted, world-wide, perpetual, irrevocable, non-exclusive and fully sub-licensable right and license to use, reproduce, modify, adapt, publish, translate, create derivative works from, distribute, perform and display such Content (in whole or part), including any information, suggestions, ideas, drawings or concepts contained in such Content, worldwide and/or to incorporate it in other works in any form, media, or technology now known or later developed. Such license includes incorporating a Contribution, in whole or in part, into a Well+Good feature. You will remain responsible for the accuracy, copyright compliance, legality, decency, or any other aspect of such submitted material, including any Contribution or part thereof, or other communication to Well+Good.\r\nYou also warrant that any “moral rights” in posted materials have been waived.	3	2
15	Linked Sites	You may be able to link to third parties’ Web Sites (“Linked Sites”) from the Well+Good Web Site. Linked Sites are not, however, reviewed, controlled, or examined by Well+Good in any way and Well+Good is not responsible for the content, availability, advertising, products or other materials of any such Linked Sites, or any additional links contained therein. These links do not imply Well+Good’s endorsement of or association with the Linked Sites. It is your sole responsibility to comply with the appropriate terms of service of the Linked Sites as well as with any other obligation under copyright, secrecy, defamation, decency, privacy, security and export laws related to the use of such Linked Sites and any content contained thereon. In no event shall Well+Good be liable, directly or indirectly, to anyone for any loss or damage arising from or occasioned by the creation or use of the Linked Sites or the information or material accessed-through these Linked Sites. You should direct any concerns to that site’s administrator or webmaster. Well+Good reserves the exclusive right, at its sole discretion, to add, change, decline or remove, without notice, any feature or link to any of the Linked Sites from the Web Site and/or introduce different features or links to different users.\r\n\r\nSPECIAL NOTICE: THE LINKED SITES MAY CONTAIN CONTENT AND GRAPHICS THAT CONTAIN SEXUALLY EXPLICIT MATERIAL UNSUITABLE FOR MINORS, OR THAT MAY OTHERWISE BE OFFENSIVE. IF YOU ENTER THESE LINKED SITES, YOU ASSERT THAT YOU ARE OF LEGAL ADULT AGE IN YOUR JURISDICTION TO VIEW SUCH MATERIALS AND THAT THE VIEWING, READING, AND/OR DOWNLOADING OF CONTENT FROM THESE LINKED SITES DOES NOT VIOLATE THE COMMUNITY STANDARDS OF YOUR LOCALITY, CITY, TOWN, COUNTY, STATE, PROVINCE, COUNTRY OR OTHER COMMUNITY TO WHICH YOU BELONG, AND/OR FROM WHICH YOU ACCESS THESE LINKED SITES.\r\nPermission must be granted by us for any type of link to www.wellandgoodnyc.com. To seek our permission, you may write to alexia@wellandgoodnyc.com. We reserve the right, however, to rescind any permission granted by us to link through any type of link, and to require termination of any such link to the Web Site, at our discretion at any time.	3	2
16	Contests, Promotions, Simulations or Games	>From time to time, Well+Good may offer as part of the Services, either on or through the Web Site, contests, promotions, simulations or games (collectively, “Contests”). To participate in Contests, subscribers may be required to complete a registration form. Upon submission, all registrations become the exclusive property of Well+Good. Registered users (each, a “Registered User”) are permitted only one account. Registered Users with more than one account are subject to immediate disqualification from any Contest, unless the description of the Contest expressly invites a user to register multiple times. Well+Good, at its sole discretion, may suspend or revoke the registration of any Registered User.\r\nRegistered Users agree to release Well+Good and its agents, advertisers, sponsors or promotional partners, from all liability arising from participation in any Contest located on, or accessed through, the Web Site. Well+Good is not responsible for technical, hardware or software failures of any kind, lost or unavailable network connections, or failed, incomplete, garbled or delayed computer transmissions which may limit any Registered User’s ability to participate in any Game.\r\nEach Registered User agrees to be bound by the rules of any Contest and by the rules of fair play and consideration of fellow Registered User. A Registered User who violates any of the rules or guidelines for behavior published on the Web Site, or the site where the Contest is conducted, are subject to immediate disqualification and revocation of their registration. Well+Good is under no obligation to award any prize to any Registered User who violates a published rule or guideline.\r\nSome Contest may offer prizes to Registered Users. All prizes are subject to the official game or contest rules published with that Contest. Well+Good reserves the right to cancel, terminate or alter any Contest or the rules thereof at any time without prior notification.	4	2
17	Advertising Policy, Affiliate Disclosure and Third Party Websites	Well+Good accepts paid advertisements including but not limited to CPC (cost-per-click) advertisements and banner advertisements; furthermore, Well+Good does, from time to time, participate in affiliate programs.   When you click on some, but not all, links at Well+Good or purchase from some, but not all, companies mentioned at Well+Good, Well+Good and its administrator will earn money from these programs.   Well+Good does not conduct paid reviews; however, Well+Good will accept product to review.\r\n\r\nWell+Good does not endorse, make claim to or verify any of the information found on third-party websites including advertisers and affiliates.   Your use of third party sites is at your own risk.	5	2
18	Intellectual Property Rights	All materials contained in this Web Site are the copyrighted property of Well+Good and its affiliates or licensors. As between Well+Good and you, Well+Good is the sole owner of all content on the Web Site, including without limitation, all applicable U.S. and non-U.S. copyrights, patents, trademarks, and trade secrets, and other intellectual property rights thereto. Except as otherwise specifically provided in these Terms and Conditions, you may not download or save a copy of the Web Site or any portion thereof, for any purpose. You may, however, print a copy of individual screens appearing as part of the Web Site solely for your personal, non-commercial use or records, provided that any marks, logos or other legends that appear on the copied screens remain on, and are not removed from the printed or stored images of such screens. All title and intellectual property rights in and to the content of the Linked Sites is the property of the respective content owner and may be protected by applicable copyright or other intellectual property laws and treaties.	6	2
19	Parental Permission	This Web Site is not intended to be a children’s site, therefore, some of the available information may concern certain topics that may not be appropriate for children. Well+Good may, at its discretion, require users under 18 to obtain the consent of a parent or guardian to view certain content, and Well+Good may limit access to certain content to users above a specified age. You agree to abide by any such restrictions, and not to help anyone avoid these restrictions.	7	2
20	#iamwellandgood FOOD Recipe Submissions	By submitting your recipe and photo to wellandgood.com, you are representing that you are the author and copyright owner of the submission and/or have all rights necessary to provide this submission (including images) to wellandgood.com and you have granted wellandgood.com, a non-exclusive, irrevocable, worldwide, perpetual, fully-paid up, royalty-free transferable right and license, with right to sub-license, publish, republish, resell, distribute, copy and edit the submission an unlimited number of times in all forms and all media whether now known or to become known in the future.	8	2
\.


--
-- Data for Name: legal_termsandconditions; Type: TABLE DATA; Schema: public; Owner: postgres
--

COPY public.legal_termsandconditions (id, title, content, date_created, date_updated) FROM stdin;
2	Terms And Conditions	PLEASE READ THE FOLLOWING TERMS AND CONDITIONS CAREFULLY. The www.wellandgoodnyc.com Web site (the “Web Site” or “www.wellandgoodnyc.com”) is provided by Well + GoodNYC (“Well + Good”) and/or its affiliates and subsidiaries for your and others’ personal, non-commercial enjoyment, subject to the terms of these terms and conditions of use and all modifications thereto (“Terms and Conditions”), and the rules that may be published from time to time by Well+Good. By using this site, you are deemed to have agreed to these terms and conditions of use. Well+Good may change the Terms and Conditions from time to time and at any time, and without actual notice to you. All such changes to these Terms and Conditions will appear on www.wellandgoodnyc.com. By using this site after we post any changes, you agree to accept those changes, whether or not you have reviewed them. If at any time you choose not to accept these Terms and Conditions of use, please do not use this site.	2023-03-18 14:25:01.205786+00	2023-03-18 14:25:01.205817+00
\.


--
-- Data for Name: legal_useragreement; Type: TABLE DATA; Schema: public; Owner: postgres
--

COPY public.legal_useragreement (id, agreed_date, terms_and_conditions_id, user_id) FROM stdin;
\.


--
-- Data for Name: silk_profile; Type: TABLE DATA; Schema: public; Owner: postgres
--

COPY public.silk_profile (id, name, start_time, end_time, time_taken, file_path, line_num, end_line_num, func_name, exception_raised, dynamic, request_id) FROM stdin;
\.


--
-- Data for Name: silk_profile_queries; Type: TABLE DATA; Schema: public; Owner: postgres
--

COPY public.silk_profile_queries (id, profile_id, sqlquery_id) FROM stdin;
\.


--
-- Data for Name: silk_request; Type: TABLE DATA; Schema: public; Owner: postgres
--

COPY public.silk_request (id, path, query_params, raw_body, body, method, start_time, view_name, end_time, time_taken, encoded_headers, meta_time, meta_num_queries, meta_time_spent_queries, pyprofile, num_sql_queries, prof_file) FROM stdin;
\.


--
-- Data for Name: silk_response; Type: TABLE DATA; Schema: public; Owner: postgres
--

COPY public.silk_response (id, status_code, raw_body, body, encoded_headers, request_id) FROM stdin;
\.


--
-- Data for Name: silk_sqlquery; Type: TABLE DATA; Schema: public; Owner: postgres
--

COPY public.silk_sqlquery (id, query, start_time, end_time, time_taken, traceback, request_id, identifier, analysis) FROM stdin;
\.


--
-- Data for Name: step_by_step_guide_subsections; Type: TABLE DATA; Schema: public; Owner: postgres
--

COPY public.step_by_step_guide_subsections (id, sbs_index, blog_post_id, parent_guide_id, parent_subsection_id) FROM stdin;
\.


--
-- Data for Name: step_by_step_guide_subsections_contact; Type: TABLE DATA; Schema: public; Owner: postgres
--

COPY public.step_by_step_guide_subsections_contact (id, sbs_index, blog_post_id, parent_guide_id, parent_subsection_id) FROM stdin;
\.


--
-- Data for Name: step_by_step_guide_subsections_contact_sub_headings_and_cond3d7; Type: TABLE DATA; Schema: public; Owner: postgres
--

COPY public.step_by_step_guide_subsections_contact_sub_headings_and_cond3d7 (id, sbsguidesubsection_id, subfields_id) FROM stdin;
\.


--
-- Data for Name: step_by_step_guide_subsections_sub_headings_and_contents; Type: TABLE DATA; Schema: public; Owner: postgres
--

COPY public.step_by_step_guide_subsections_sub_headings_and_contents (id, sbsguidesubsection_id, subfields_id) FROM stdin;
\.


--
-- Data for Name: step_by_step_guides; Type: TABLE DATA; Schema: public; Owner: postgres
--

COPY public.step_by_step_guides (id, sbs_guide_number, main_heading, main_content, blog_post_id) FROM stdin;
\.


--
-- Data for Name: step_by_step_guides_contact; Type: TABLE DATA; Schema: public; Owner: postgres
--

COPY public.step_by_step_guides_contact (id, sbs_guide_number, main_heading, main_content, blog_post_id) FROM stdin;
\.


--
-- Data for Name: step_by_step_guides_contact_sub_fields_section; Type: TABLE DATA; Schema: public; Owner: postgres
--

COPY public.step_by_step_guides_contact_sub_fields_section (id, stepbystepguid_id, sbsguidesubsection_id) FROM stdin;
\.


--
-- Data for Name: step_by_step_guides_sub_fields_section; Type: TABLE DATA; Schema: public; Owner: postgres
--

COPY public.step_by_step_guides_sub_fields_section (id, blogstepbystepguide_id, sbsguidesubsection_id) FROM stdin;
\.


--
-- Name: BlogParagraphs_id_seq; Type: SEQUENCE SET; Schema: public; Owner: postgres
--

SELECT pg_catalog.setval('public."BlogParagraphs_id_seq"', 1, true);


--
-- Name: ContactUs_paragraph_id_seq; Type: SEQUENCE SET; Schema: public; Owner: postgres
--

SELECT pg_catalog.setval('public."ContactUs_paragraph_id_seq"', 7, true);


--
-- Name: ContactUs_subfields_id_seq; Type: SEQUENCE SET; Schema: public; Owner: postgres
--

SELECT pg_catalog.setval('public."ContactUs_subfields_id_seq"', 1, false);


--
-- Name: UserManagement_user_id_seq; Type: SEQUENCE SET; Schema: public; Owner: postgres
--

SELECT pg_catalog.setval('public."UserManagement_user_id_seq"', 1, true);


--
-- Name: UserProfile_role_id_seq; Type: SEQUENCE SET; Schema: public; Owner: postgres
--

SELECT pg_catalog.setval('public."UserProfile_role_id_seq"', 1, false);


--
-- Name: UserProfile_userprofile_id_seq; Type: SEQUENCE SET; Schema: public; Owner: postgres
--

SELECT pg_catalog.setval('public."UserProfile_userprofile_id_seq"', 1, false);


--
-- Name: auth_group_id_seq; Type: SEQUENCE SET; Schema: public; Owner: postgres
--

SELECT pg_catalog.setval('public.auth_group_id_seq', 1, false);


--
-- Name: auth_group_permissions_id_seq; Type: SEQUENCE SET; Schema: public; Owner: postgres
--

SELECT pg_catalog.setval('public.auth_group_permissions_id_seq', 1, false);


--
-- Name: auth_permission_id_seq; Type: SEQUENCE SET; Schema: public; Owner: postgres
--

SELECT pg_catalog.setval('public.auth_permission_id_seq', 120, true);


--
-- Name: blog_blogpostimage_id_seq; Type: SEQUENCE SET; Schema: public; Owner: postgres
--

SELECT pg_catalog.setval('public.blog_blogpostimage_id_seq', 1, false);


--
-- Name: blog_category_id_seq; Type: SEQUENCE SET; Schema: public; Owner: postgres
--

SELECT pg_catalog.setval('public.blog_category_id_seq', 1, true);


--
-- Name: blog_comment_id_seq; Type: SEQUENCE SET; Schema: public; Owner: postgres
--

SELECT pg_catalog.setval('public.blog_comment_id_seq', 1, false);


--
-- Name: blog_posts_id_seq; Type: SEQUENCE SET; Schema: public; Owner: postgres
--

SELECT pg_catalog.setval('public.blog_posts_id_seq', 1, true);


--
-- Name: blog_posts_paragraphs_id_seq; Type: SEQUENCE SET; Schema: public; Owner: postgres
--

SELECT pg_catalog.setval('public.blog_posts_paragraphs_id_seq', 1, false);


--
-- Name: blog_posts_post_images_id_seq; Type: SEQUENCE SET; Schema: public; Owner: postgres
--

SELECT pg_catalog.setval('public.blog_posts_post_images_id_seq', 1, false);


--
-- Name: blog_posts_step_by_step_guide_id_seq; Type: SEQUENCE SET; Schema: public; Owner: postgres
--

SELECT pg_catalog.setval('public.blog_posts_step_by_step_guide_id_seq', 1, false);


--
-- Name: blog_reply_id_seq; Type: SEQUENCE SET; Schema: public; Owner: postgres
--

SELECT pg_catalog.setval('public.blog_reply_id_seq', 1, false);


--
-- Name: blog_subfields_id_seq; Type: SEQUENCE SET; Schema: public; Owner: postgres
--

SELECT pg_catalog.setval('public.blog_subfields_id_seq', 1, false);


--
-- Name: blog_topictype_id_seq; Type: SEQUENCE SET; Schema: public; Owner: postgres
--

SELECT pg_catalog.setval('public.blog_topictype_id_seq', 1, false);


--
-- Name: contact_us_id_seq; Type: SEQUENCE SET; Schema: public; Owner: postgres
--

SELECT pg_catalog.setval('public.contact_us_id_seq', 1, true);


--
-- Name: contact_us_paragraphs_id_seq; Type: SEQUENCE SET; Schema: public; Owner: postgres
--

SELECT pg_catalog.setval('public.contact_us_paragraphs_id_seq', 1, false);


--
-- Name: contact_us_step_by_step_guide_id_seq; Type: SEQUENCE SET; Schema: public; Owner: postgres
--

SELECT pg_catalog.setval('public.contact_us_step_by_step_guide_id_seq', 1, false);


--
-- Name: django_admin_log_id_seq; Type: SEQUENCE SET; Schema: public; Owner: postgres
--

SELECT pg_catalog.setval('public.django_admin_log_id_seq', 6, true);


--
-- Name: django_content_type_id_seq; Type: SEQUENCE SET; Schema: public; Owner: postgres
--

SELECT pg_catalog.setval('public.django_content_type_id_seq', 30, true);


--
-- Name: django_migrations_id_seq; Type: SEQUENCE SET; Schema: public; Owner: postgres
--

SELECT pg_catalog.setval('public.django_migrations_id_seq', 35, true);


--
-- Name: legal_clause_id_seq; Type: SEQUENCE SET; Schema: public; Owner: postgres
--

SELECT pg_catalog.setval('public.legal_clause_id_seq', 20, true);


--
-- Name: legal_termsandconditions_id_seq; Type: SEQUENCE SET; Schema: public; Owner: postgres
--

SELECT pg_catalog.setval('public.legal_termsandconditions_id_seq', 2, true);


--
-- Name: legal_useragreement_id_seq; Type: SEQUENCE SET; Schema: public; Owner: postgres
--

SELECT pg_catalog.setval('public.legal_useragreement_id_seq', 1, false);


--
-- Name: silk_profile_id_seq; Type: SEQUENCE SET; Schema: public; Owner: postgres
--

SELECT pg_catalog.setval('public.silk_profile_id_seq', 1, false);


--
-- Name: silk_profile_queries_id_seq; Type: SEQUENCE SET; Schema: public; Owner: postgres
--

SELECT pg_catalog.setval('public.silk_profile_queries_id_seq', 1, false);


--
-- Name: silk_sqlquery_id_seq; Type: SEQUENCE SET; Schema: public; Owner: postgres
--

SELECT pg_catalog.setval('public.silk_sqlquery_id_seq', 1, false);


--
-- Name: step_by_step_guide_subsections_contact_id_seq; Type: SEQUENCE SET; Schema: public; Owner: postgres
--

SELECT pg_catalog.setval('public.step_by_step_guide_subsections_contact_id_seq', 1, false);


--
-- Name: step_by_step_guide_subsections_contact_sub_headings_and__id_seq; Type: SEQUENCE SET; Schema: public; Owner: postgres
--

SELECT pg_catalog.setval('public.step_by_step_guide_subsections_contact_sub_headings_and__id_seq', 1, false);


--
-- Name: step_by_step_guide_subsections_id_seq; Type: SEQUENCE SET; Schema: public; Owner: postgres
--

SELECT pg_catalog.setval('public.step_by_step_guide_subsections_id_seq', 1, false);


--
-- Name: step_by_step_guide_subsections_sub_headings_and_contents_id_seq; Type: SEQUENCE SET; Schema: public; Owner: postgres
--

SELECT pg_catalog.setval('public.step_by_step_guide_subsections_sub_headings_and_contents_id_seq', 1, false);


--
-- Name: step_by_step_guides_contact_id_seq; Type: SEQUENCE SET; Schema: public; Owner: postgres
--

SELECT pg_catalog.setval('public.step_by_step_guides_contact_id_seq', 1, false);


--
-- Name: step_by_step_guides_contact_sub_fields_section_id_seq; Type: SEQUENCE SET; Schema: public; Owner: postgres
--

SELECT pg_catalog.setval('public.step_by_step_guides_contact_sub_fields_section_id_seq', 1, false);


--
-- Name: step_by_step_guides_id_seq; Type: SEQUENCE SET; Schema: public; Owner: postgres
--

SELECT pg_catalog.setval('public.step_by_step_guides_id_seq', 1, false);


--
-- Name: step_by_step_guides_sub_fields_section_id_seq; Type: SEQUENCE SET; Schema: public; Owner: postgres
--

SELECT pg_catalog.setval('public.step_by_step_guides_sub_fields_section_id_seq', 1, false);


--
-- Name: blog_blogparagraph BlogParagraphs_pkey; Type: CONSTRAINT; Schema: public; Owner: postgres
--

ALTER TABLE ONLY public.blog_blogparagraph
    ADD CONSTRAINT "BlogParagraphs_pkey" PRIMARY KEY (id);


--
-- Name: ContactUs_paragraph ContactUs_paragraph_pkey; Type: CONSTRAINT; Schema: public; Owner: postgres
--

ALTER TABLE ONLY public."ContactUs_paragraph"
    ADD CONSTRAINT "ContactUs_paragraph_pkey" PRIMARY KEY (id);


--
-- Name: ContactUs_subfields ContactUs_subfields_pkey; Type: CONSTRAINT; Schema: public; Owner: postgres
--

ALTER TABLE ONLY public."ContactUs_subfields"
    ADD CONSTRAINT "ContactUs_subfields_pkey" PRIMARY KEY (id);


--
-- Name: UserManagement_user UserManagement_user_email_key; Type: CONSTRAINT; Schema: public; Owner: postgres
--

ALTER TABLE ONLY public."UserManagement_user"
    ADD CONSTRAINT "UserManagement_user_email_key" UNIQUE (email);


--
-- Name: UserManagement_user UserManagement_user_pkey; Type: CONSTRAINT; Schema: public; Owner: postgres
--

ALTER TABLE ONLY public."UserManagement_user"
    ADD CONSTRAINT "UserManagement_user_pkey" PRIMARY KEY (id);


--
-- Name: UserProfile_role UserProfile_role_pkey; Type: CONSTRAINT; Schema: public; Owner: postgres
--

ALTER TABLE ONLY public."UserProfile_role"
    ADD CONSTRAINT "UserProfile_role_pkey" PRIMARY KEY (id);


--
-- Name: UserProfile_userprofile UserProfile_userprofile_pkey; Type: CONSTRAINT; Schema: public; Owner: postgres
--

ALTER TABLE ONLY public."UserProfile_userprofile"
    ADD CONSTRAINT "UserProfile_userprofile_pkey" PRIMARY KEY (id);


--
-- Name: auth_group auth_group_name_key; Type: CONSTRAINT; Schema: public; Owner: postgres
--

ALTER TABLE ONLY public.auth_group
    ADD CONSTRAINT auth_group_name_key UNIQUE (name);


--
-- Name: auth_group_permissions auth_group_permissions_group_id_permission_id_0cd325b0_uniq; Type: CONSTRAINT; Schema: public; Owner: postgres
--

ALTER TABLE ONLY public.auth_group_permissions
    ADD CONSTRAINT auth_group_permissions_group_id_permission_id_0cd325b0_uniq UNIQUE (group_id, permission_id);


--
-- Name: auth_group_permissions auth_group_permissions_pkey; Type: CONSTRAINT; Schema: public; Owner: postgres
--

ALTER TABLE ONLY public.auth_group_permissions
    ADD CONSTRAINT auth_group_permissions_pkey PRIMARY KEY (id);


--
-- Name: auth_group auth_group_pkey; Type: CONSTRAINT; Schema: public; Owner: postgres
--

ALTER TABLE ONLY public.auth_group
    ADD CONSTRAINT auth_group_pkey PRIMARY KEY (id);


--
-- Name: auth_permission auth_permission_content_type_id_codename_01ab375a_uniq; Type: CONSTRAINT; Schema: public; Owner: postgres
--

ALTER TABLE ONLY public.auth_permission
    ADD CONSTRAINT auth_permission_content_type_id_codename_01ab375a_uniq UNIQUE (content_type_id, codename);


--
-- Name: auth_permission auth_permission_pkey; Type: CONSTRAINT; Schema: public; Owner: postgres
--

ALTER TABLE ONLY public.auth_permission
    ADD CONSTRAINT auth_permission_pkey PRIMARY KEY (id);


--
-- Name: blog_blogpostimage blog_blogpostimage_pkey; Type: CONSTRAINT; Schema: public; Owner: postgres
--

ALTER TABLE ONLY public.blog_blogpostimage
    ADD CONSTRAINT blog_blogpostimage_pkey PRIMARY KEY (id);


--
-- Name: blog_category blog_category_pkey; Type: CONSTRAINT; Schema: public; Owner: postgres
--

ALTER TABLE ONLY public.blog_category
    ADD CONSTRAINT blog_category_pkey PRIMARY KEY (id);


--
-- Name: blog_comment blog_comment_pkey; Type: CONSTRAINT; Schema: public; Owner: postgres
--

ALTER TABLE ONLY public.blog_comment
    ADD CONSTRAINT blog_comment_pkey PRIMARY KEY (id);


--
-- Name: blog_posts_paragraphs blog_posts_paragraphs_blogpost_id_blogparagrap_293720d1_uniq; Type: CONSTRAINT; Schema: public; Owner: postgres
--

ALTER TABLE ONLY public.blog_posts_paragraphs
    ADD CONSTRAINT blog_posts_paragraphs_blogpost_id_blogparagrap_293720d1_uniq UNIQUE (blogpost_id, blogparagraph_id);


--
-- Name: blog_posts_paragraphs blog_posts_paragraphs_pkey; Type: CONSTRAINT; Schema: public; Owner: postgres
--

ALTER TABLE ONLY public.blog_posts_paragraphs
    ADD CONSTRAINT blog_posts_paragraphs_pkey PRIMARY KEY (id);


--
-- Name: blog_posts blog_posts_pkey; Type: CONSTRAINT; Schema: public; Owner: postgres
--

ALTER TABLE ONLY public.blog_posts
    ADD CONSTRAINT blog_posts_pkey PRIMARY KEY (id);


--
-- Name: blog_posts_post_images blog_posts_post_images_blogpost_id_blogpostimag_ee4f6bc8_uniq; Type: CONSTRAINT; Schema: public; Owner: postgres
--

ALTER TABLE ONLY public.blog_posts_post_images
    ADD CONSTRAINT blog_posts_post_images_blogpost_id_blogpostimag_ee4f6bc8_uniq UNIQUE (blogpost_id, blogpostimage_id);


--
-- Name: blog_posts_post_images blog_posts_post_images_pkey; Type: CONSTRAINT; Schema: public; Owner: postgres
--

ALTER TABLE ONLY public.blog_posts_post_images
    ADD CONSTRAINT blog_posts_post_images_pkey PRIMARY KEY (id);


--
-- Name: blog_posts blog_posts_slug_key; Type: CONSTRAINT; Schema: public; Owner: postgres
--

ALTER TABLE ONLY public.blog_posts
    ADD CONSTRAINT blog_posts_slug_key UNIQUE (slug);


--
-- Name: blog_posts_step_by_step_guide blog_posts_step_by_step__blogpost_id_blogstepbyst_8ef1d7f5_uniq; Type: CONSTRAINT; Schema: public; Owner: postgres
--

ALTER TABLE ONLY public.blog_posts_step_by_step_guide
    ADD CONSTRAINT blog_posts_step_by_step__blogpost_id_blogstepbyst_8ef1d7f5_uniq UNIQUE (blogpost_id, blogstepbystepguide_id);


--
-- Name: blog_posts_step_by_step_guide blog_posts_step_by_step_guide_pkey; Type: CONSTRAINT; Schema: public; Owner: postgres
--

ALTER TABLE ONLY public.blog_posts_step_by_step_guide
    ADD CONSTRAINT blog_posts_step_by_step_guide_pkey PRIMARY KEY (id);


--
-- Name: blog_reply blog_reply_pkey; Type: CONSTRAINT; Schema: public; Owner: postgres
--

ALTER TABLE ONLY public.blog_reply
    ADD CONSTRAINT blog_reply_pkey PRIMARY KEY (id);


--
-- Name: blog_subfields blog_subfields_pkey; Type: CONSTRAINT; Schema: public; Owner: postgres
--

ALTER TABLE ONLY public.blog_subfields
    ADD CONSTRAINT blog_subfields_pkey PRIMARY KEY (id);


--
-- Name: blog_topictype blog_topictype_pkey; Type: CONSTRAINT; Schema: public; Owner: postgres
--

ALTER TABLE ONLY public.blog_topictype
    ADD CONSTRAINT blog_topictype_pkey PRIMARY KEY (id);


--
-- Name: contact_us_paragraphs contact_us_paragraphs_contactus_id_paragraph_id_9871ed5d_uniq; Type: CONSTRAINT; Schema: public; Owner: postgres
--

ALTER TABLE ONLY public.contact_us_paragraphs
    ADD CONSTRAINT contact_us_paragraphs_contactus_id_paragraph_id_9871ed5d_uniq UNIQUE (contactus_id, paragraph_id);


--
-- Name: contact_us_paragraphs contact_us_paragraphs_pkey; Type: CONSTRAINT; Schema: public; Owner: postgres
--

ALTER TABLE ONLY public.contact_us_paragraphs
    ADD CONSTRAINT contact_us_paragraphs_pkey PRIMARY KEY (id);


--
-- Name: contact_us contact_us_pkey; Type: CONSTRAINT; Schema: public; Owner: postgres
--

ALTER TABLE ONLY public.contact_us
    ADD CONSTRAINT contact_us_pkey PRIMARY KEY (id);


--
-- Name: contact_us_step_by_step_guide contact_us_step_by_step__contactus_id_stepbystepg_2ca0d328_uniq; Type: CONSTRAINT; Schema: public; Owner: postgres
--

ALTER TABLE ONLY public.contact_us_step_by_step_guide
    ADD CONSTRAINT contact_us_step_by_step__contactus_id_stepbystepg_2ca0d328_uniq UNIQUE (contactus_id, stepbystepguid_id);


--
-- Name: contact_us_step_by_step_guide contact_us_step_by_step_guide_pkey; Type: CONSTRAINT; Schema: public; Owner: postgres
--

ALTER TABLE ONLY public.contact_us_step_by_step_guide
    ADD CONSTRAINT contact_us_step_by_step_guide_pkey PRIMARY KEY (id);


--
-- Name: django_admin_log django_admin_log_pkey; Type: CONSTRAINT; Schema: public; Owner: postgres
--

ALTER TABLE ONLY public.django_admin_log
    ADD CONSTRAINT django_admin_log_pkey PRIMARY KEY (id);


--
-- Name: django_content_type django_content_type_app_label_model_76bd3d3b_uniq; Type: CONSTRAINT; Schema: public; Owner: postgres
--

ALTER TABLE ONLY public.django_content_type
    ADD CONSTRAINT django_content_type_app_label_model_76bd3d3b_uniq UNIQUE (app_label, model);


--
-- Name: django_content_type django_content_type_pkey; Type: CONSTRAINT; Schema: public; Owner: postgres
--

ALTER TABLE ONLY public.django_content_type
    ADD CONSTRAINT django_content_type_pkey PRIMARY KEY (id);


--
-- Name: django_migrations django_migrations_pkey; Type: CONSTRAINT; Schema: public; Owner: postgres
--

ALTER TABLE ONLY public.django_migrations
    ADD CONSTRAINT django_migrations_pkey PRIMARY KEY (id);


--
-- Name: django_session django_session_pkey; Type: CONSTRAINT; Schema: public; Owner: postgres
--

ALTER TABLE ONLY public.django_session
    ADD CONSTRAINT django_session_pkey PRIMARY KEY (session_key);


--
-- Name: legal_clause legal_clause_pkey; Type: CONSTRAINT; Schema: public; Owner: postgres
--

ALTER TABLE ONLY public.legal_clause
    ADD CONSTRAINT legal_clause_pkey PRIMARY KEY (id);


--
-- Name: legal_termsandconditions legal_termsandconditions_pkey; Type: CONSTRAINT; Schema: public; Owner: postgres
--

ALTER TABLE ONLY public.legal_termsandconditions
    ADD CONSTRAINT legal_termsandconditions_pkey PRIMARY KEY (id);


--
-- Name: legal_useragreement legal_useragreement_pkey; Type: CONSTRAINT; Schema: public; Owner: postgres
--

ALTER TABLE ONLY public.legal_useragreement
    ADD CONSTRAINT legal_useragreement_pkey PRIMARY KEY (id);


--
-- Name: silk_profile silk_profile_pkey; Type: CONSTRAINT; Schema: public; Owner: postgres
--

ALTER TABLE ONLY public.silk_profile
    ADD CONSTRAINT silk_profile_pkey PRIMARY KEY (id);


--
-- Name: silk_profile_queries silk_profile_queries_pkey; Type: CONSTRAINT; Schema: public; Owner: postgres
--

ALTER TABLE ONLY public.silk_profile_queries
    ADD CONSTRAINT silk_profile_queries_pkey PRIMARY KEY (id);


--
-- Name: silk_profile_queries silk_profile_queries_profile_id_sqlquery_id_b2403d9b_uniq; Type: CONSTRAINT; Schema: public; Owner: postgres
--

ALTER TABLE ONLY public.silk_profile_queries
    ADD CONSTRAINT silk_profile_queries_profile_id_sqlquery_id_b2403d9b_uniq UNIQUE (profile_id, sqlquery_id);


--
-- Name: silk_request silk_request_pkey; Type: CONSTRAINT; Schema: public; Owner: postgres
--

ALTER TABLE ONLY public.silk_request
    ADD CONSTRAINT silk_request_pkey PRIMARY KEY (id);


--
-- Name: silk_response silk_response_pkey; Type: CONSTRAINT; Schema: public; Owner: postgres
--

ALTER TABLE ONLY public.silk_response
    ADD CONSTRAINT silk_response_pkey PRIMARY KEY (id);


--
-- Name: silk_response silk_response_request_id_key; Type: CONSTRAINT; Schema: public; Owner: postgres
--

ALTER TABLE ONLY public.silk_response
    ADD CONSTRAINT silk_response_request_id_key UNIQUE (request_id);


--
-- Name: silk_sqlquery silk_sqlquery_pkey; Type: CONSTRAINT; Schema: public; Owner: postgres
--

ALTER TABLE ONLY public.silk_sqlquery
    ADD CONSTRAINT silk_sqlquery_pkey PRIMARY KEY (id);


--
-- Name: step_by_step_guide_subsections_sub_headings_and_contents step_by_step_guide_subse_sbsguidesubsection_id_su_01e8aebe_uniq; Type: CONSTRAINT; Schema: public; Owner: postgres
--

ALTER TABLE ONLY public.step_by_step_guide_subsections_sub_headings_and_contents
    ADD CONSTRAINT step_by_step_guide_subse_sbsguidesubsection_id_su_01e8aebe_uniq UNIQUE (sbsguidesubsection_id, subfields_id);


--
-- Name: step_by_step_guide_subsections_contact_sub_headings_and_cond3d7 step_by_step_guide_subse_sbsguidesubsection_id_su_2f87dc5c_uniq; Type: CONSTRAINT; Schema: public; Owner: postgres
--

ALTER TABLE ONLY public.step_by_step_guide_subsections_contact_sub_headings_and_cond3d7
    ADD CONSTRAINT step_by_step_guide_subse_sbsguidesubsection_id_su_2f87dc5c_uniq UNIQUE (sbsguidesubsection_id, subfields_id);


--
-- Name: step_by_step_guide_subsections_contact step_by_step_guide_subsections_contact_pkey; Type: CONSTRAINT; Schema: public; Owner: postgres
--

ALTER TABLE ONLY public.step_by_step_guide_subsections_contact
    ADD CONSTRAINT step_by_step_guide_subsections_contact_pkey PRIMARY KEY (id);


--
-- Name: step_by_step_guide_subsections_contact_sub_headings_and_cond3d7 step_by_step_guide_subsections_contact_sub_headings_and_co_pkey; Type: CONSTRAINT; Schema: public; Owner: postgres
--

ALTER TABLE ONLY public.step_by_step_guide_subsections_contact_sub_headings_and_cond3d7
    ADD CONSTRAINT step_by_step_guide_subsections_contact_sub_headings_and_co_pkey PRIMARY KEY (id);


--
-- Name: step_by_step_guide_subsections step_by_step_guide_subsections_pkey; Type: CONSTRAINT; Schema: public; Owner: postgres
--

ALTER TABLE ONLY public.step_by_step_guide_subsections
    ADD CONSTRAINT step_by_step_guide_subsections_pkey PRIMARY KEY (id);


--
-- Name: step_by_step_guide_subsections_sub_headings_and_contents step_by_step_guide_subsections_sub_headings_and_contents_pkey; Type: CONSTRAINT; Schema: public; Owner: postgres
--

ALTER TABLE ONLY public.step_by_step_guide_subsections_sub_headings_and_contents
    ADD CONSTRAINT step_by_step_guide_subsections_sub_headings_and_contents_pkey PRIMARY KEY (id);


--
-- Name: step_by_step_guides_contact_sub_fields_section step_by_step_guides_cont_stepbystepguid_id_sbsgui_5765cc73_uniq; Type: CONSTRAINT; Schema: public; Owner: postgres
--

ALTER TABLE ONLY public.step_by_step_guides_contact_sub_fields_section
    ADD CONSTRAINT step_by_step_guides_cont_stepbystepguid_id_sbsgui_5765cc73_uniq UNIQUE (stepbystepguid_id, sbsguidesubsection_id);


--
-- Name: step_by_step_guides_contact step_by_step_guides_contact_pkey; Type: CONSTRAINT; Schema: public; Owner: postgres
--

ALTER TABLE ONLY public.step_by_step_guides_contact
    ADD CONSTRAINT step_by_step_guides_contact_pkey PRIMARY KEY (id);


--
-- Name: step_by_step_guides_contact_sub_fields_section step_by_step_guides_contact_sub_fields_section_pkey; Type: CONSTRAINT; Schema: public; Owner: postgres
--

ALTER TABLE ONLY public.step_by_step_guides_contact_sub_fields_section
    ADD CONSTRAINT step_by_step_guides_contact_sub_fields_section_pkey PRIMARY KEY (id);


--
-- Name: step_by_step_guides step_by_step_guides_pkey; Type: CONSTRAINT; Schema: public; Owner: postgres
--

ALTER TABLE ONLY public.step_by_step_guides
    ADD CONSTRAINT step_by_step_guides_pkey PRIMARY KEY (id);


--
-- Name: step_by_step_guides_sub_fields_section step_by_step_guides_sub__blogstepbystepguide_id_s_59eab93a_uniq; Type: CONSTRAINT; Schema: public; Owner: postgres
--

ALTER TABLE ONLY public.step_by_step_guides_sub_fields_section
    ADD CONSTRAINT step_by_step_guides_sub__blogstepbystepguide_id_s_59eab93a_uniq UNIQUE (blogstepbystepguide_id, sbsguidesubsection_id);


--
-- Name: step_by_step_guides_sub_fields_section step_by_step_guides_sub_fields_section_pkey; Type: CONSTRAINT; Schema: public; Owner: postgres
--

ALTER TABLE ONLY public.step_by_step_guides_sub_fields_section
    ADD CONSTRAINT step_by_step_guides_sub_fields_section_pkey PRIMARY KEY (id);


--
-- Name: BlogParagraphs_blog_post_id_f41525a1; Type: INDEX; Schema: public; Owner: postgres
--

CREATE INDEX "BlogParagraphs_blog_post_id_f41525a1" ON public.blog_blogparagraph USING btree (blog_post_id);


--
-- Name: ContactUs_paragraph_blog_post_id_53cc2ef2; Type: INDEX; Schema: public; Owner: postgres
--

CREATE INDEX "ContactUs_paragraph_blog_post_id_53cc2ef2" ON public."ContactUs_paragraph" USING btree (contact_us_id);


--
-- Name: ContactUs_subfields_sbs_guide_sub_section_id_3cf0c98b; Type: INDEX; Schema: public; Owner: postgres
--

CREATE INDEX "ContactUs_subfields_sbs_guide_sub_section_id_3cf0c98b" ON public."ContactUs_subfields" USING btree (sbs_guide_sub_section_id);


--
-- Name: UserManagement_user_email_6674a52f_like; Type: INDEX; Schema: public; Owner: postgres
--

CREATE INDEX "UserManagement_user_email_6674a52f_like" ON public."UserManagement_user" USING btree (email varchar_pattern_ops);


--
-- Name: UserProfile_userprofile_role_id_78ffcdd4; Type: INDEX; Schema: public; Owner: postgres
--

CREATE INDEX "UserProfile_userprofile_role_id_78ffcdd4" ON public."UserProfile_userprofile" USING btree (role_id);


--
-- Name: UserProfile_userprofile_user_id_28edbd3a; Type: INDEX; Schema: public; Owner: postgres
--

CREATE INDEX "UserProfile_userprofile_user_id_28edbd3a" ON public."UserProfile_userprofile" USING btree (user_id);


--
-- Name: auth_group_name_a6ea08ec_like; Type: INDEX; Schema: public; Owner: postgres
--

CREATE INDEX auth_group_name_a6ea08ec_like ON public.auth_group USING btree (name varchar_pattern_ops);


--
-- Name: auth_group_permissions_group_id_b120cbf9; Type: INDEX; Schema: public; Owner: postgres
--

CREATE INDEX auth_group_permissions_group_id_b120cbf9 ON public.auth_group_permissions USING btree (group_id);


--
-- Name: auth_group_permissions_permission_id_84c5c92e; Type: INDEX; Schema: public; Owner: postgres
--

CREATE INDEX auth_group_permissions_permission_id_84c5c92e ON public.auth_group_permissions USING btree (permission_id);


--
-- Name: auth_permission_content_type_id_2f476e4b; Type: INDEX; Schema: public; Owner: postgres
--

CREATE INDEX auth_permission_content_type_id_2f476e4b ON public.auth_permission USING btree (content_type_id);


--
-- Name: blog_comment_author_id_4f11e2e0; Type: INDEX; Schema: public; Owner: postgres
--

CREATE INDEX blog_comment_author_id_4f11e2e0 ON public.blog_comment USING btree (author_id);


--
-- Name: blog_comment_post_id_580e96ef; Type: INDEX; Schema: public; Owner: postgres
--

CREATE INDEX blog_comment_post_id_580e96ef ON public.blog_comment USING btree (post_id);


--
-- Name: blog_posts_author_id_6f561d00; Type: INDEX; Schema: public; Owner: postgres
--

CREATE INDEX blog_posts_author_id_6f561d00 ON public.blog_posts USING btree (author_id);


--
-- Name: blog_posts_category_id_4316690d; Type: INDEX; Schema: public; Owner: postgres
--

CREATE INDEX blog_posts_category_id_4316690d ON public.blog_posts USING btree (category_id);


--
-- Name: blog_posts_paragraphs_blogparagraph_id_b41e2b18; Type: INDEX; Schema: public; Owner: postgres
--

CREATE INDEX blog_posts_paragraphs_blogparagraph_id_b41e2b18 ON public.blog_posts_paragraphs USING btree (blogparagraph_id);


--
-- Name: blog_posts_paragraphs_blogpost_id_c2fc2394; Type: INDEX; Schema: public; Owner: postgres
--

CREATE INDEX blog_posts_paragraphs_blogpost_id_c2fc2394 ON public.blog_posts_paragraphs USING btree (blogpost_id);


--
-- Name: blog_posts_post_images_blogpost_id_2c233c46; Type: INDEX; Schema: public; Owner: postgres
--

CREATE INDEX blog_posts_post_images_blogpost_id_2c233c46 ON public.blog_posts_post_images USING btree (blogpost_id);


--
-- Name: blog_posts_post_images_blogpostimage_id_08331e5c; Type: INDEX; Schema: public; Owner: postgres
--

CREATE INDEX blog_posts_post_images_blogpostimage_id_08331e5c ON public.blog_posts_post_images USING btree (blogpostimage_id);


--
-- Name: blog_posts_slug_93227477_like; Type: INDEX; Schema: public; Owner: postgres
--

CREATE INDEX blog_posts_slug_93227477_like ON public.blog_posts USING btree (slug varchar_pattern_ops);


--
-- Name: blog_posts_step_by_step_guide_blogpost_id_d6b2a619; Type: INDEX; Schema: public; Owner: postgres
--

CREATE INDEX blog_posts_step_by_step_guide_blogpost_id_d6b2a619 ON public.blog_posts_step_by_step_guide USING btree (blogpost_id);


--
-- Name: blog_posts_step_by_step_guide_blogstepbystepguide_id_b379bc16; Type: INDEX; Schema: public; Owner: postgres
--

CREATE INDEX blog_posts_step_by_step_guide_blogstepbystepguide_id_b379bc16 ON public.blog_posts_step_by_step_guide USING btree (blogstepbystepguide_id);


--
-- Name: blog_posts_topic_type_id_685a025e; Type: INDEX; Schema: public; Owner: postgres
--

CREATE INDEX blog_posts_topic_type_id_685a025e ON public.blog_posts USING btree (topic_type_id);


--
-- Name: blog_reply_author_id_7641dac7; Type: INDEX; Schema: public; Owner: postgres
--

CREATE INDEX blog_reply_author_id_7641dac7 ON public.blog_reply USING btree (author_id);


--
-- Name: blog_reply_comment_id_id_4d0f35cc; Type: INDEX; Schema: public; Owner: postgres
--

CREATE INDEX blog_reply_comment_id_id_4d0f35cc ON public.blog_reply USING btree (comment_id_id);


--
-- Name: blog_subfields_sbs_guide_sub_section_id_a7650583; Type: INDEX; Schema: public; Owner: postgres
--

CREATE INDEX blog_subfields_sbs_guide_sub_section_id_a7650583 ON public.blog_subfields USING btree (sbs_guide_sub_section_id);


--
-- Name: contact_us_author_id_3da91a74; Type: INDEX; Schema: public; Owner: postgres
--

CREATE INDEX contact_us_author_id_3da91a74 ON public.contact_us USING btree (author_id);


--
-- Name: contact_us_paragraphs_contactus_id_9f9cdc14; Type: INDEX; Schema: public; Owner: postgres
--

CREATE INDEX contact_us_paragraphs_contactus_id_9f9cdc14 ON public.contact_us_paragraphs USING btree (contactus_id);


--
-- Name: contact_us_paragraphs_paragraph_id_e28b4597; Type: INDEX; Schema: public; Owner: postgres
--

CREATE INDEX contact_us_paragraphs_paragraph_id_e28b4597 ON public.contact_us_paragraphs USING btree (paragraph_id);


--
-- Name: contact_us_step_by_step_guide_contactus_id_6cd1888f; Type: INDEX; Schema: public; Owner: postgres
--

CREATE INDEX contact_us_step_by_step_guide_contactus_id_6cd1888f ON public.contact_us_step_by_step_guide USING btree (contactus_id);


--
-- Name: contact_us_step_by_step_guide_stepbystepguid_id_df542fca; Type: INDEX; Schema: public; Owner: postgres
--

CREATE INDEX contact_us_step_by_step_guide_stepbystepguid_id_df542fca ON public.contact_us_step_by_step_guide USING btree (stepbystepguid_id);


--
-- Name: django_admin_log_content_type_id_c4bce8eb; Type: INDEX; Schema: public; Owner: postgres
--

CREATE INDEX django_admin_log_content_type_id_c4bce8eb ON public.django_admin_log USING btree (content_type_id);


--
-- Name: django_admin_log_user_id_c564eba6; Type: INDEX; Schema: public; Owner: postgres
--

CREATE INDEX django_admin_log_user_id_c564eba6 ON public.django_admin_log USING btree (user_id);


--
-- Name: django_session_expire_date_a5c62663; Type: INDEX; Schema: public; Owner: postgres
--

CREATE INDEX django_session_expire_date_a5c62663 ON public.django_session USING btree (expire_date);


--
-- Name: django_session_session_key_c0390e0f_like; Type: INDEX; Schema: public; Owner: postgres
--

CREATE INDEX django_session_session_key_c0390e0f_like ON public.django_session USING btree (session_key varchar_pattern_ops);


--
-- Name: legal_clause_terms_and_conditions_id_b6d04351; Type: INDEX; Schema: public; Owner: postgres
--

CREATE INDEX legal_clause_terms_and_conditions_id_b6d04351 ON public.legal_clause USING btree (terms_and_conditions_id);


--
-- Name: legal_useragreement_terms_and_conditions_id_516ae9e2; Type: INDEX; Schema: public; Owner: postgres
--

CREATE INDEX legal_useragreement_terms_and_conditions_id_516ae9e2 ON public.legal_useragreement USING btree (terms_and_conditions_id);


--
-- Name: legal_useragreement_user_id_f4497ea0; Type: INDEX; Schema: public; Owner: postgres
--

CREATE INDEX legal_useragreement_user_id_f4497ea0 ON public.legal_useragreement USING btree (user_id);


--
-- Name: silk_profile_queries_profile_id_a3d76db8; Type: INDEX; Schema: public; Owner: postgres
--

CREATE INDEX silk_profile_queries_profile_id_a3d76db8 ON public.silk_profile_queries USING btree (profile_id);


--
-- Name: silk_profile_queries_sqlquery_id_155df455; Type: INDEX; Schema: public; Owner: postgres
--

CREATE INDEX silk_profile_queries_sqlquery_id_155df455 ON public.silk_profile_queries USING btree (sqlquery_id);


--
-- Name: silk_profile_request_id_7b81bd69; Type: INDEX; Schema: public; Owner: postgres
--

CREATE INDEX silk_profile_request_id_7b81bd69 ON public.silk_profile USING btree (request_id);


--
-- Name: silk_profile_request_id_7b81bd69_like; Type: INDEX; Schema: public; Owner: postgres
--

CREATE INDEX silk_profile_request_id_7b81bd69_like ON public.silk_profile USING btree (request_id varchar_pattern_ops);


--
-- Name: silk_request_id_5a356c4f_like; Type: INDEX; Schema: public; Owner: postgres
--

CREATE INDEX silk_request_id_5a356c4f_like ON public.silk_request USING btree (id varchar_pattern_ops);


--
-- Name: silk_request_path_9f3d798e; Type: INDEX; Schema: public; Owner: postgres
--

CREATE INDEX silk_request_path_9f3d798e ON public.silk_request USING btree (path);


--
-- Name: silk_request_path_9f3d798e_like; Type: INDEX; Schema: public; Owner: postgres
--

CREATE INDEX silk_request_path_9f3d798e_like ON public.silk_request USING btree (path varchar_pattern_ops);


--
-- Name: silk_request_start_time_1300bc58; Type: INDEX; Schema: public; Owner: postgres
--

CREATE INDEX silk_request_start_time_1300bc58 ON public.silk_request USING btree (start_time);


--
-- Name: silk_request_view_name_68559f7b; Type: INDEX; Schema: public; Owner: postgres
--

CREATE INDEX silk_request_view_name_68559f7b ON public.silk_request USING btree (view_name);


--
-- Name: silk_request_view_name_68559f7b_like; Type: INDEX; Schema: public; Owner: postgres
--

CREATE INDEX silk_request_view_name_68559f7b_like ON public.silk_request USING btree (view_name varchar_pattern_ops);


--
-- Name: silk_response_id_dda88710_like; Type: INDEX; Schema: public; Owner: postgres
--

CREATE INDEX silk_response_id_dda88710_like ON public.silk_response USING btree (id varchar_pattern_ops);


--
-- Name: silk_response_request_id_1e8e2776_like; Type: INDEX; Schema: public; Owner: postgres
--

CREATE INDEX silk_response_request_id_1e8e2776_like ON public.silk_response USING btree (request_id varchar_pattern_ops);


--
-- Name: silk_sqlquery_request_id_6f8f0527; Type: INDEX; Schema: public; Owner: postgres
--

CREATE INDEX silk_sqlquery_request_id_6f8f0527 ON public.silk_sqlquery USING btree (request_id);


--
-- Name: silk_sqlquery_request_id_6f8f0527_like; Type: INDEX; Schema: public; Owner: postgres
--

CREATE INDEX silk_sqlquery_request_id_6f8f0527_like ON public.silk_sqlquery USING btree (request_id varchar_pattern_ops);


--
-- Name: step_by_step_guide_subsect_parent_subsection_id_1f406cef; Type: INDEX; Schema: public; Owner: postgres
--

CREATE INDEX step_by_step_guide_subsect_parent_subsection_id_1f406cef ON public.step_by_step_guide_subsections_contact USING btree (parent_subsection_id);


--
-- Name: step_by_step_guide_subsect_sbsguidesubsection_id_69e13711; Type: INDEX; Schema: public; Owner: postgres
--

CREATE INDEX step_by_step_guide_subsect_sbsguidesubsection_id_69e13711 ON public.step_by_step_guide_subsections_sub_headings_and_contents USING btree (sbsguidesubsection_id);


--
-- Name: step_by_step_guide_subsect_sbsguidesubsection_id_99593733; Type: INDEX; Schema: public; Owner: postgres
--

CREATE INDEX step_by_step_guide_subsect_sbsguidesubsection_id_99593733 ON public.step_by_step_guide_subsections_contact_sub_headings_and_cond3d7 USING btree (sbsguidesubsection_id);


--
-- Name: step_by_step_guide_subsect_subfields_id_24c1b165; Type: INDEX; Schema: public; Owner: postgres
--

CREATE INDEX step_by_step_guide_subsect_subfields_id_24c1b165 ON public.step_by_step_guide_subsections_contact_sub_headings_and_cond3d7 USING btree (subfields_id);


--
-- Name: step_by_step_guide_subsect_subfields_id_cc194cd5; Type: INDEX; Schema: public; Owner: postgres
--

CREATE INDEX step_by_step_guide_subsect_subfields_id_cc194cd5 ON public.step_by_step_guide_subsections_sub_headings_and_contents USING btree (subfields_id);


--
-- Name: step_by_step_guide_subsections_blog_post_id_aa53e646; Type: INDEX; Schema: public; Owner: postgres
--

CREATE INDEX step_by_step_guide_subsections_blog_post_id_aa53e646 ON public.step_by_step_guide_subsections USING btree (blog_post_id);


--
-- Name: step_by_step_guide_subsections_contact_blog_post_id_32081743; Type: INDEX; Schema: public; Owner: postgres
--

CREATE INDEX step_by_step_guide_subsections_contact_blog_post_id_32081743 ON public.step_by_step_guide_subsections_contact USING btree (blog_post_id);


--
-- Name: step_by_step_guide_subsections_contact_parent_guide_id_168cf084; Type: INDEX; Schema: public; Owner: postgres
--

CREATE INDEX step_by_step_guide_subsections_contact_parent_guide_id_168cf084 ON public.step_by_step_guide_subsections_contact USING btree (parent_guide_id);


--
-- Name: step_by_step_guide_subsections_parent_guide_id_b80e218a; Type: INDEX; Schema: public; Owner: postgres
--

CREATE INDEX step_by_step_guide_subsections_parent_guide_id_b80e218a ON public.step_by_step_guide_subsections USING btree (parent_guide_id);


--
-- Name: step_by_step_guide_subsections_parent_subsection_id_63c713be; Type: INDEX; Schema: public; Owner: postgres
--

CREATE INDEX step_by_step_guide_subsections_parent_subsection_id_63c713be ON public.step_by_step_guide_subsections USING btree (parent_subsection_id);


--
-- Name: step_by_step_guides_blog_post_id_61ddf0a6; Type: INDEX; Schema: public; Owner: postgres
--

CREATE INDEX step_by_step_guides_blog_post_id_61ddf0a6 ON public.step_by_step_guides USING btree (blog_post_id);


--
-- Name: step_by_step_guides_contac_sbsguidesubsection_id_dd364b5d; Type: INDEX; Schema: public; Owner: postgres
--

CREATE INDEX step_by_step_guides_contac_sbsguidesubsection_id_dd364b5d ON public.step_by_step_guides_contact_sub_fields_section USING btree (sbsguidesubsection_id);


--
-- Name: step_by_step_guides_contac_stepbystepguid_id_eb241d3d; Type: INDEX; Schema: public; Owner: postgres
--

CREATE INDEX step_by_step_guides_contac_stepbystepguid_id_eb241d3d ON public.step_by_step_guides_contact_sub_fields_section USING btree (stepbystepguid_id);


--
-- Name: step_by_step_guides_contact_blog_post_id_fc2475cc; Type: INDEX; Schema: public; Owner: postgres
--

CREATE INDEX step_by_step_guides_contact_blog_post_id_fc2475cc ON public.step_by_step_guides_contact USING btree (blog_post_id);


--
-- Name: step_by_step_guides_sub_fi_blogstepbystepguide_id_52ed39a0; Type: INDEX; Schema: public; Owner: postgres
--

CREATE INDEX step_by_step_guides_sub_fi_blogstepbystepguide_id_52ed39a0 ON public.step_by_step_guides_sub_fields_section USING btree (blogstepbystepguide_id);


--
-- Name: step_by_step_guides_sub_fi_sbsguidesubsection_id_46718c92; Type: INDEX; Schema: public; Owner: postgres
--

CREATE INDEX step_by_step_guides_sub_fi_sbsguidesubsection_id_46718c92 ON public.step_by_step_guides_sub_fields_section USING btree (sbsguidesubsection_id);


--
-- Name: blog_blogparagraph BlogParagraphs_blog_post_id_f41525a1_fk_blog_posts_id; Type: FK CONSTRAINT; Schema: public; Owner: postgres
--

ALTER TABLE ONLY public.blog_blogparagraph
    ADD CONSTRAINT "BlogParagraphs_blog_post_id_f41525a1_fk_blog_posts_id" FOREIGN KEY (blog_post_id) REFERENCES public.blog_posts(id) DEFERRABLE INITIALLY DEFERRED;


--
-- Name: ContactUs_paragraph ContactUs_paragraph_contact_us_id_ebbe2d78_fk_contact_us_id; Type: FK CONSTRAINT; Schema: public; Owner: postgres
--

ALTER TABLE ONLY public."ContactUs_paragraph"
    ADD CONSTRAINT "ContactUs_paragraph_contact_us_id_ebbe2d78_fk_contact_us_id" FOREIGN KEY (contact_us_id) REFERENCES public.contact_us(id) DEFERRABLE INITIALLY DEFERRED;


--
-- Name: ContactUs_subfields ContactUs_subfields_sbs_guide_sub_sectio_3cf0c98b_fk_step_by_s; Type: FK CONSTRAINT; Schema: public; Owner: postgres
--

ALTER TABLE ONLY public."ContactUs_subfields"
    ADD CONSTRAINT "ContactUs_subfields_sbs_guide_sub_sectio_3cf0c98b_fk_step_by_s" FOREIGN KEY (sbs_guide_sub_section_id) REFERENCES public.step_by_step_guide_subsections_contact(id) DEFERRABLE INITIALLY DEFERRED;


--
-- Name: UserProfile_userprofile UserProfile_userprof_user_id_28edbd3a_fk_UserManag; Type: FK CONSTRAINT; Schema: public; Owner: postgres
--

ALTER TABLE ONLY public."UserProfile_userprofile"
    ADD CONSTRAINT "UserProfile_userprof_user_id_28edbd3a_fk_UserManag" FOREIGN KEY (user_id) REFERENCES public."UserManagement_user"(id) DEFERRABLE INITIALLY DEFERRED;


--
-- Name: UserProfile_userprofile UserProfile_userprofile_role_id_78ffcdd4_fk_UserProfile_role_id; Type: FK CONSTRAINT; Schema: public; Owner: postgres
--

ALTER TABLE ONLY public."UserProfile_userprofile"
    ADD CONSTRAINT "UserProfile_userprofile_role_id_78ffcdd4_fk_UserProfile_role_id" FOREIGN KEY (role_id) REFERENCES public."UserProfile_role"(id) DEFERRABLE INITIALLY DEFERRED;


--
-- Name: auth_group_permissions auth_group_permissio_permission_id_84c5c92e_fk_auth_perm; Type: FK CONSTRAINT; Schema: public; Owner: postgres
--

ALTER TABLE ONLY public.auth_group_permissions
    ADD CONSTRAINT auth_group_permissio_permission_id_84c5c92e_fk_auth_perm FOREIGN KEY (permission_id) REFERENCES public.auth_permission(id) DEFERRABLE INITIALLY DEFERRED;


--
-- Name: auth_group_permissions auth_group_permissions_group_id_b120cbf9_fk_auth_group_id; Type: FK CONSTRAINT; Schema: public; Owner: postgres
--

ALTER TABLE ONLY public.auth_group_permissions
    ADD CONSTRAINT auth_group_permissions_group_id_b120cbf9_fk_auth_group_id FOREIGN KEY (group_id) REFERENCES public.auth_group(id) DEFERRABLE INITIALLY DEFERRED;


--
-- Name: auth_permission auth_permission_content_type_id_2f476e4b_fk_django_co; Type: FK CONSTRAINT; Schema: public; Owner: postgres
--

ALTER TABLE ONLY public.auth_permission
    ADD CONSTRAINT auth_permission_content_type_id_2f476e4b_fk_django_co FOREIGN KEY (content_type_id) REFERENCES public.django_content_type(id) DEFERRABLE INITIALLY DEFERRED;


--
-- Name: blog_comment blog_comment_author_id_4f11e2e0_fk_UserManagement_user_id; Type: FK CONSTRAINT; Schema: public; Owner: postgres
--

ALTER TABLE ONLY public.blog_comment
    ADD CONSTRAINT "blog_comment_author_id_4f11e2e0_fk_UserManagement_user_id" FOREIGN KEY (author_id) REFERENCES public."UserManagement_user"(id) DEFERRABLE INITIALLY DEFERRED;


--
-- Name: blog_comment blog_comment_post_id_580e96ef_fk_blog_posts_id; Type: FK CONSTRAINT; Schema: public; Owner: postgres
--

ALTER TABLE ONLY public.blog_comment
    ADD CONSTRAINT blog_comment_post_id_580e96ef_fk_blog_posts_id FOREIGN KEY (post_id) REFERENCES public.blog_posts(id) DEFERRABLE INITIALLY DEFERRED;


--
-- Name: blog_posts blog_posts_author_id_6f561d00_fk_UserManagement_user_id; Type: FK CONSTRAINT; Schema: public; Owner: postgres
--

ALTER TABLE ONLY public.blog_posts
    ADD CONSTRAINT "blog_posts_author_id_6f561d00_fk_UserManagement_user_id" FOREIGN KEY (author_id) REFERENCES public."UserManagement_user"(id) DEFERRABLE INITIALLY DEFERRED;


--
-- Name: blog_posts blog_posts_category_id_4316690d_fk_blog_category_id; Type: FK CONSTRAINT; Schema: public; Owner: postgres
--

ALTER TABLE ONLY public.blog_posts
    ADD CONSTRAINT blog_posts_category_id_4316690d_fk_blog_category_id FOREIGN KEY (category_id) REFERENCES public.blog_category(id) DEFERRABLE INITIALLY DEFERRED;


--
-- Name: blog_posts_paragraphs blog_posts_paragraph_blogparagraph_id_b41e2b18_fk_BlogParag; Type: FK CONSTRAINT; Schema: public; Owner: postgres
--

ALTER TABLE ONLY public.blog_posts_paragraphs
    ADD CONSTRAINT "blog_posts_paragraph_blogparagraph_id_b41e2b18_fk_BlogParag" FOREIGN KEY (blogparagraph_id) REFERENCES public.blog_blogparagraph(id) DEFERRABLE INITIALLY DEFERRED;


--
-- Name: blog_posts_paragraphs blog_posts_paragraphs_blogpost_id_c2fc2394_fk_blog_posts_id; Type: FK CONSTRAINT; Schema: public; Owner: postgres
--

ALTER TABLE ONLY public.blog_posts_paragraphs
    ADD CONSTRAINT blog_posts_paragraphs_blogpost_id_c2fc2394_fk_blog_posts_id FOREIGN KEY (blogpost_id) REFERENCES public.blog_posts(id) DEFERRABLE INITIALLY DEFERRED;


--
-- Name: blog_posts_post_images blog_posts_post_imag_blogpostimage_id_08331e5c_fk_blog_blog; Type: FK CONSTRAINT; Schema: public; Owner: postgres
--

ALTER TABLE ONLY public.blog_posts_post_images
    ADD CONSTRAINT blog_posts_post_imag_blogpostimage_id_08331e5c_fk_blog_blog FOREIGN KEY (blogpostimage_id) REFERENCES public.blog_blogpostimage(id) DEFERRABLE INITIALLY DEFERRED;


--
-- Name: blog_posts_post_images blog_posts_post_images_blogpost_id_2c233c46_fk_blog_posts_id; Type: FK CONSTRAINT; Schema: public; Owner: postgres
--

ALTER TABLE ONLY public.blog_posts_post_images
    ADD CONSTRAINT blog_posts_post_images_blogpost_id_2c233c46_fk_blog_posts_id FOREIGN KEY (blogpost_id) REFERENCES public.blog_posts(id) DEFERRABLE INITIALLY DEFERRED;


--
-- Name: blog_posts_step_by_step_guide blog_posts_step_by_s_blogpost_id_d6b2a619_fk_blog_post; Type: FK CONSTRAINT; Schema: public; Owner: postgres
--

ALTER TABLE ONLY public.blog_posts_step_by_step_guide
    ADD CONSTRAINT blog_posts_step_by_s_blogpost_id_d6b2a619_fk_blog_post FOREIGN KEY (blogpost_id) REFERENCES public.blog_posts(id) DEFERRABLE INITIALLY DEFERRED;


--
-- Name: blog_posts_step_by_step_guide blog_posts_step_by_s_blogstepbystepguide__b379bc16_fk_step_by_s; Type: FK CONSTRAINT; Schema: public; Owner: postgres
--

ALTER TABLE ONLY public.blog_posts_step_by_step_guide
    ADD CONSTRAINT blog_posts_step_by_s_blogstepbystepguide__b379bc16_fk_step_by_s FOREIGN KEY (blogstepbystepguide_id) REFERENCES public.step_by_step_guides(id) DEFERRABLE INITIALLY DEFERRED;


--
-- Name: blog_posts blog_posts_topic_type_id_685a025e_fk_blog_topictype_id; Type: FK CONSTRAINT; Schema: public; Owner: postgres
--

ALTER TABLE ONLY public.blog_posts
    ADD CONSTRAINT blog_posts_topic_type_id_685a025e_fk_blog_topictype_id FOREIGN KEY (topic_type_id) REFERENCES public.blog_topictype(id) DEFERRABLE INITIALLY DEFERRED;


--
-- Name: blog_reply blog_reply_author_id_7641dac7_fk_UserManagement_user_id; Type: FK CONSTRAINT; Schema: public; Owner: postgres
--

ALTER TABLE ONLY public.blog_reply
    ADD CONSTRAINT "blog_reply_author_id_7641dac7_fk_UserManagement_user_id" FOREIGN KEY (author_id) REFERENCES public."UserManagement_user"(id) DEFERRABLE INITIALLY DEFERRED;


--
-- Name: blog_reply blog_reply_comment_id_id_4d0f35cc_fk_blog_comment_id; Type: FK CONSTRAINT; Schema: public; Owner: postgres
--

ALTER TABLE ONLY public.blog_reply
    ADD CONSTRAINT blog_reply_comment_id_id_4d0f35cc_fk_blog_comment_id FOREIGN KEY (comment_id_id) REFERENCES public.blog_comment(id) DEFERRABLE INITIALLY DEFERRED;


--
-- Name: blog_subfields blog_subfields_sbs_guide_sub_sectio_a7650583_fk_step_by_s; Type: FK CONSTRAINT; Schema: public; Owner: postgres
--

ALTER TABLE ONLY public.blog_subfields
    ADD CONSTRAINT blog_subfields_sbs_guide_sub_sectio_a7650583_fk_step_by_s FOREIGN KEY (sbs_guide_sub_section_id) REFERENCES public.step_by_step_guide_subsections(id) DEFERRABLE INITIALLY DEFERRED;


--
-- Name: contact_us contact_us_author_id_3da91a74_fk_UserManagement_user_id; Type: FK CONSTRAINT; Schema: public; Owner: postgres
--

ALTER TABLE ONLY public.contact_us
    ADD CONSTRAINT "contact_us_author_id_3da91a74_fk_UserManagement_user_id" FOREIGN KEY (author_id) REFERENCES public."UserManagement_user"(id) DEFERRABLE INITIALLY DEFERRED;


--
-- Name: contact_us_paragraphs contact_us_paragraph_paragraph_id_e28b4597_fk_ContactUs; Type: FK CONSTRAINT; Schema: public; Owner: postgres
--

ALTER TABLE ONLY public.contact_us_paragraphs
    ADD CONSTRAINT "contact_us_paragraph_paragraph_id_e28b4597_fk_ContactUs" FOREIGN KEY (paragraph_id) REFERENCES public."ContactUs_paragraph"(id) DEFERRABLE INITIALLY DEFERRED;


--
-- Name: contact_us_paragraphs contact_us_paragraphs_contactus_id_9f9cdc14_fk_contact_us_id; Type: FK CONSTRAINT; Schema: public; Owner: postgres
--

ALTER TABLE ONLY public.contact_us_paragraphs
    ADD CONSTRAINT contact_us_paragraphs_contactus_id_9f9cdc14_fk_contact_us_id FOREIGN KEY (contactus_id) REFERENCES public.contact_us(id) DEFERRABLE INITIALLY DEFERRED;


--
-- Name: contact_us_step_by_step_guide contact_us_step_by_s_contactus_id_6cd1888f_fk_contact_u; Type: FK CONSTRAINT; Schema: public; Owner: postgres
--

ALTER TABLE ONLY public.contact_us_step_by_step_guide
    ADD CONSTRAINT contact_us_step_by_s_contactus_id_6cd1888f_fk_contact_u FOREIGN KEY (contactus_id) REFERENCES public.contact_us(id) DEFERRABLE INITIALLY DEFERRED;


--
-- Name: contact_us_step_by_step_guide contact_us_step_by_s_stepbystepguid_id_df542fca_fk_step_by_s; Type: FK CONSTRAINT; Schema: public; Owner: postgres
--

ALTER TABLE ONLY public.contact_us_step_by_step_guide
    ADD CONSTRAINT contact_us_step_by_s_stepbystepguid_id_df542fca_fk_step_by_s FOREIGN KEY (stepbystepguid_id) REFERENCES public.step_by_step_guides_contact(id) DEFERRABLE INITIALLY DEFERRED;


--
-- Name: django_admin_log django_admin_log_content_type_id_c4bce8eb_fk_django_co; Type: FK CONSTRAINT; Schema: public; Owner: postgres
--

ALTER TABLE ONLY public.django_admin_log
    ADD CONSTRAINT django_admin_log_content_type_id_c4bce8eb_fk_django_co FOREIGN KEY (content_type_id) REFERENCES public.django_content_type(id) DEFERRABLE INITIALLY DEFERRED;


--
-- Name: django_admin_log django_admin_log_user_id_c564eba6_fk_UserManagement_user_id; Type: FK CONSTRAINT; Schema: public; Owner: postgres
--

ALTER TABLE ONLY public.django_admin_log
    ADD CONSTRAINT "django_admin_log_user_id_c564eba6_fk_UserManagement_user_id" FOREIGN KEY (user_id) REFERENCES public."UserManagement_user"(id) DEFERRABLE INITIALLY DEFERRED;


--
-- Name: legal_clause legal_clause_terms_and_conditions_b6d04351_fk_legal_ter; Type: FK CONSTRAINT; Schema: public; Owner: postgres
--

ALTER TABLE ONLY public.legal_clause
    ADD CONSTRAINT legal_clause_terms_and_conditions_b6d04351_fk_legal_ter FOREIGN KEY (terms_and_conditions_id) REFERENCES public.legal_termsandconditions(id) DEFERRABLE INITIALLY DEFERRED;


--
-- Name: legal_useragreement legal_useragreement_terms_and_conditions_516ae9e2_fk_legal_ter; Type: FK CONSTRAINT; Schema: public; Owner: postgres
--

ALTER TABLE ONLY public.legal_useragreement
    ADD CONSTRAINT legal_useragreement_terms_and_conditions_516ae9e2_fk_legal_ter FOREIGN KEY (terms_and_conditions_id) REFERENCES public.legal_termsandconditions(id) DEFERRABLE INITIALLY DEFERRED;


--
-- Name: legal_useragreement legal_useragreement_user_id_f4497ea0_fk_UserManagement_user_id; Type: FK CONSTRAINT; Schema: public; Owner: postgres
--

ALTER TABLE ONLY public.legal_useragreement
    ADD CONSTRAINT "legal_useragreement_user_id_f4497ea0_fk_UserManagement_user_id" FOREIGN KEY (user_id) REFERENCES public."UserManagement_user"(id) DEFERRABLE INITIALLY DEFERRED;


--
-- Name: silk_profile_queries silk_profile_queries_profile_id_a3d76db8_fk_silk_profile_id; Type: FK CONSTRAINT; Schema: public; Owner: postgres
--

ALTER TABLE ONLY public.silk_profile_queries
    ADD CONSTRAINT silk_profile_queries_profile_id_a3d76db8_fk_silk_profile_id FOREIGN KEY (profile_id) REFERENCES public.silk_profile(id) DEFERRABLE INITIALLY DEFERRED;


--
-- Name: silk_profile_queries silk_profile_queries_sqlquery_id_155df455_fk_silk_sqlquery_id; Type: FK CONSTRAINT; Schema: public; Owner: postgres
--

ALTER TABLE ONLY public.silk_profile_queries
    ADD CONSTRAINT silk_profile_queries_sqlquery_id_155df455_fk_silk_sqlquery_id FOREIGN KEY (sqlquery_id) REFERENCES public.silk_sqlquery(id) DEFERRABLE INITIALLY DEFERRED;


--
-- Name: silk_profile silk_profile_request_id_7b81bd69_fk_silk_request_id; Type: FK CONSTRAINT; Schema: public; Owner: postgres
--

ALTER TABLE ONLY public.silk_profile
    ADD CONSTRAINT silk_profile_request_id_7b81bd69_fk_silk_request_id FOREIGN KEY (request_id) REFERENCES public.silk_request(id) DEFERRABLE INITIALLY DEFERRED;


--
-- Name: silk_response silk_response_request_id_1e8e2776_fk_silk_request_id; Type: FK CONSTRAINT; Schema: public; Owner: postgres
--

ALTER TABLE ONLY public.silk_response
    ADD CONSTRAINT silk_response_request_id_1e8e2776_fk_silk_request_id FOREIGN KEY (request_id) REFERENCES public.silk_request(id) DEFERRABLE INITIALLY DEFERRED;


--
-- Name: silk_sqlquery silk_sqlquery_request_id_6f8f0527_fk_silk_request_id; Type: FK CONSTRAINT; Schema: public; Owner: postgres
--

ALTER TABLE ONLY public.silk_sqlquery
    ADD CONSTRAINT silk_sqlquery_request_id_6f8f0527_fk_silk_request_id FOREIGN KEY (request_id) REFERENCES public.silk_request(id) DEFERRABLE INITIALLY DEFERRED;


--
-- Name: step_by_step_guide_subsections_contact step_by_step_guide_s_blog_post_id_32081743_fk_contact_u; Type: FK CONSTRAINT; Schema: public; Owner: postgres
--

ALTER TABLE ONLY public.step_by_step_guide_subsections_contact
    ADD CONSTRAINT step_by_step_guide_s_blog_post_id_32081743_fk_contact_u FOREIGN KEY (blog_post_id) REFERENCES public.contact_us(id) DEFERRABLE INITIALLY DEFERRED;


--
-- Name: step_by_step_guide_subsections step_by_step_guide_s_blog_post_id_aa53e646_fk_blog_post; Type: FK CONSTRAINT; Schema: public; Owner: postgres
--

ALTER TABLE ONLY public.step_by_step_guide_subsections
    ADD CONSTRAINT step_by_step_guide_s_blog_post_id_aa53e646_fk_blog_post FOREIGN KEY (blog_post_id) REFERENCES public.blog_posts(id) DEFERRABLE INITIALLY DEFERRED;


--
-- Name: step_by_step_guide_subsections_contact step_by_step_guide_s_parent_guide_id_168cf084_fk_step_by_s; Type: FK CONSTRAINT; Schema: public; Owner: postgres
--

ALTER TABLE ONLY public.step_by_step_guide_subsections_contact
    ADD CONSTRAINT step_by_step_guide_s_parent_guide_id_168cf084_fk_step_by_s FOREIGN KEY (parent_guide_id) REFERENCES public.step_by_step_guides_contact(id) DEFERRABLE INITIALLY DEFERRED;


--
-- Name: step_by_step_guide_subsections step_by_step_guide_s_parent_guide_id_b80e218a_fk_step_by_s; Type: FK CONSTRAINT; Schema: public; Owner: postgres
--

ALTER TABLE ONLY public.step_by_step_guide_subsections
    ADD CONSTRAINT step_by_step_guide_s_parent_guide_id_b80e218a_fk_step_by_s FOREIGN KEY (parent_guide_id) REFERENCES public.step_by_step_guides(id) DEFERRABLE INITIALLY DEFERRED;


--
-- Name: step_by_step_guide_subsections_contact step_by_step_guide_s_parent_subsection_id_1f406cef_fk_step_by_s; Type: FK CONSTRAINT; Schema: public; Owner: postgres
--

ALTER TABLE ONLY public.step_by_step_guide_subsections_contact
    ADD CONSTRAINT step_by_step_guide_s_parent_subsection_id_1f406cef_fk_step_by_s FOREIGN KEY (parent_subsection_id) REFERENCES public.step_by_step_guide_subsections_contact(id) DEFERRABLE INITIALLY DEFERRED;


--
-- Name: step_by_step_guide_subsections step_by_step_guide_s_parent_subsection_id_63c713be_fk_step_by_s; Type: FK CONSTRAINT; Schema: public; Owner: postgres
--

ALTER TABLE ONLY public.step_by_step_guide_subsections
    ADD CONSTRAINT step_by_step_guide_s_parent_subsection_id_63c713be_fk_step_by_s FOREIGN KEY (parent_subsection_id) REFERENCES public.step_by_step_guide_subsections(id) DEFERRABLE INITIALLY DEFERRED;


--
-- Name: step_by_step_guide_subsections_sub_headings_and_contents step_by_step_guide_s_sbsguidesubsection_i_69e13711_fk_step_by_s; Type: FK CONSTRAINT; Schema: public; Owner: postgres
--

ALTER TABLE ONLY public.step_by_step_guide_subsections_sub_headings_and_contents
    ADD CONSTRAINT step_by_step_guide_s_sbsguidesubsection_i_69e13711_fk_step_by_s FOREIGN KEY (sbsguidesubsection_id) REFERENCES public.step_by_step_guide_subsections(id) DEFERRABLE INITIALLY DEFERRED;


--
-- Name: step_by_step_guide_subsections_contact_sub_headings_and_cond3d7 step_by_step_guide_s_sbsguidesubsection_i_99593733_fk_step_by_s; Type: FK CONSTRAINT; Schema: public; Owner: postgres
--

ALTER TABLE ONLY public.step_by_step_guide_subsections_contact_sub_headings_and_cond3d7
    ADD CONSTRAINT step_by_step_guide_s_sbsguidesubsection_i_99593733_fk_step_by_s FOREIGN KEY (sbsguidesubsection_id) REFERENCES public.step_by_step_guide_subsections_contact(id) DEFERRABLE INITIALLY DEFERRED;


--
-- Name: step_by_step_guide_subsections_contact_sub_headings_and_cond3d7 step_by_step_guide_s_subfields_id_24c1b165_fk_ContactUs; Type: FK CONSTRAINT; Schema: public; Owner: postgres
--

ALTER TABLE ONLY public.step_by_step_guide_subsections_contact_sub_headings_and_cond3d7
    ADD CONSTRAINT "step_by_step_guide_s_subfields_id_24c1b165_fk_ContactUs" FOREIGN KEY (subfields_id) REFERENCES public."ContactUs_subfields"(id) DEFERRABLE INITIALLY DEFERRED;


--
-- Name: step_by_step_guide_subsections_sub_headings_and_contents step_by_step_guide_s_subfields_id_cc194cd5_fk_blog_subf; Type: FK CONSTRAINT; Schema: public; Owner: postgres
--

ALTER TABLE ONLY public.step_by_step_guide_subsections_sub_headings_and_contents
    ADD CONSTRAINT step_by_step_guide_s_subfields_id_cc194cd5_fk_blog_subf FOREIGN KEY (subfields_id) REFERENCES public.blog_subfields(id) DEFERRABLE INITIALLY DEFERRED;


--
-- Name: step_by_step_guides_contact step_by_step_guides__blog_post_id_fc2475cc_fk_contact_u; Type: FK CONSTRAINT; Schema: public; Owner: postgres
--

ALTER TABLE ONLY public.step_by_step_guides_contact
    ADD CONSTRAINT step_by_step_guides__blog_post_id_fc2475cc_fk_contact_u FOREIGN KEY (blog_post_id) REFERENCES public.contact_us(id) DEFERRABLE INITIALLY DEFERRED;


--
-- Name: step_by_step_guides_sub_fields_section step_by_step_guides__blogstepbystepguide__52ed39a0_fk_step_by_s; Type: FK CONSTRAINT; Schema: public; Owner: postgres
--

ALTER TABLE ONLY public.step_by_step_guides_sub_fields_section
    ADD CONSTRAINT step_by_step_guides__blogstepbystepguide__52ed39a0_fk_step_by_s FOREIGN KEY (blogstepbystepguide_id) REFERENCES public.step_by_step_guides(id) DEFERRABLE INITIALLY DEFERRED;


--
-- Name: step_by_step_guides_sub_fields_section step_by_step_guides__sbsguidesubsection_i_46718c92_fk_step_by_s; Type: FK CONSTRAINT; Schema: public; Owner: postgres
--

ALTER TABLE ONLY public.step_by_step_guides_sub_fields_section
    ADD CONSTRAINT step_by_step_guides__sbsguidesubsection_i_46718c92_fk_step_by_s FOREIGN KEY (sbsguidesubsection_id) REFERENCES public.step_by_step_guide_subsections(id) DEFERRABLE INITIALLY DEFERRED;


--
-- Name: step_by_step_guides_contact_sub_fields_section step_by_step_guides__sbsguidesubsection_i_dd364b5d_fk_step_by_s; Type: FK CONSTRAINT; Schema: public; Owner: postgres
--

ALTER TABLE ONLY public.step_by_step_guides_contact_sub_fields_section
    ADD CONSTRAINT step_by_step_guides__sbsguidesubsection_i_dd364b5d_fk_step_by_s FOREIGN KEY (sbsguidesubsection_id) REFERENCES public.step_by_step_guide_subsections_contact(id) DEFERRABLE INITIALLY DEFERRED;


--
-- Name: step_by_step_guides_contact_sub_fields_section step_by_step_guides__stepbystepguid_id_eb241d3d_fk_step_by_s; Type: FK CONSTRAINT; Schema: public; Owner: postgres
--

ALTER TABLE ONLY public.step_by_step_guides_contact_sub_fields_section
    ADD CONSTRAINT step_by_step_guides__stepbystepguid_id_eb241d3d_fk_step_by_s FOREIGN KEY (stepbystepguid_id) REFERENCES public.step_by_step_guides_contact(id) DEFERRABLE INITIALLY DEFERRED;


--
-- Name: step_by_step_guides step_by_step_guides_blog_post_id_61ddf0a6_fk_blog_posts_id; Type: FK CONSTRAINT; Schema: public; Owner: postgres
--

ALTER TABLE ONLY public.step_by_step_guides
    ADD CONSTRAINT step_by_step_guides_blog_post_id_61ddf0a6_fk_blog_posts_id FOREIGN KEY (blog_post_id) REFERENCES public.blog_posts(id) DEFERRABLE INITIALLY DEFERRED;


--
-- PostgreSQL database dump complete
--

--
-- PostgreSQL database cluster dump complete
--

